property_type,state,lat,lon,area_m2,price_usd
apartment,CIUDAD DE MEXICO,19.16337438971873,-98.95058437174004,108.6,7215680.28
Townhouse,Sonora,29.13328754499975,-110.79135173748332,-282.8,18965969.11
Terreno,QUINTANA ROO,19.71764095885181,-88.40101320728986,81.1,11297383.16
Apartamento,nuevo leon,25.535721827472724,-99.97954081064997,310.0,468041.13
Land,Ciudad de Mexico ,20.06760338988489,-99.14532457251012,204.8,121627.07
Terreno,JALISCO,20.237292608672565,-103.11733939888086,48.4,47184.38
HOUSE,Yucatan,21.404179042678745,-89.68312739082768,186.6,269466.99
Departamento,CHIAPAS,16.152470056567296,-93.36344307258597,395.3,692801.96
condo,Guanajuato,21.634303779724224,-101.67647703161452,171.7,151941.79
Departamento,Jalisco ,21.36938749764815,-103.93182104573324,78.8,60758.73
apartment,Puebla,18.66282557495464,-98.06062781015788,353.1,138463.21
condo,GUANAJUATO,20.584021423766742,-101.17253964007924,278.1,405539.63
townhouse,Puebla,19.456107816089315,-97.95001812435962,59.0,80833.2
Terreno,Guanajuato,20.35989566844126,-101.65356183849246,393.9,118850.11
Villa,jalisco,20.77385129575187,-103.74864583958104,96.8,164496.17
House,Baja California,30.865323215864343,-115.07109463077472,346.7,220834.38
Casa,Coahuila,26.77636133491725,-102.46060079649612,234.1,164801.17
Land,Puebla,19.662158470139268,-97.4135441442753,184.1,317043.49
house,Nuevo Leon,26.27556512988447,-99.2191957766618,169.8,113795.84
condo,CHIAPAS,16.51935386635374,-93.78395309913688,428.7,231856.39
Condo,Quintana Roo,999.99,-89.11766525905199,6702.7,6055205.95
Condo,Baja California,31.15401164577132,-114.64946288343944,70.2,98489.64
house,nuevo leon,25.60145742539315,-100.02057695609152,248.0,332743.1
House,michoacan,19.461673741769637,-101.78140505232456,342.8,164257.59
Terreno,Veracruz ,19.27506594315141,-95.9576892171619,123.4,207292.4
Departamento,Veracruz ,18.4598835076924,-95.7443280540068,392.1,250286.35
Departamento,Veracruz,18.48288235056708,-96.12597543926992,73.2,45386.25
villa,Sonora,28.684905919109337,-109.5315847887715,285.8,478054.71
house,Veracruz,18.97435611254488,-95.608108835894,349.7,341632.82
Apartment,Guanajuato,20.267422611538947,-101.29686502074138,105.9,127785.33
apartment,chihuahua,28.06372777499029,-999.99,51.1,76953.98
Casa,Veracruz,19.09436700902467,-96.05442865677212,288.6,128433.42
House,OAXACA,17.779771180589755,-97.27988917299272,286.1,327706.68
apartment,NUEVO LEON,24.863137101272333,-99.9225780076677,358.3,481226.95
villa,Coahuila ,27.31186770548589,-102.06763139171484,6032.0,6303988.49
HOUSE,Michoacan,19.24895025973655,-102.4476477242299,342.1,611635.78
land,sonora,29.28786905238716,-110.92258106995452,448.0,589470.77
condo,Quintana Roo,19.53381946256671,-88.49737544504194,303.0,451287.99
Villa,Sonora,29.88292607198585,-110.73141641289898,351.0,363000.02
Casa,Ciudad de Mexico ,19.760176985535576,-99.60394483301228,61.0,98086.11
villa,Guanajuato,21.50806937849214,-101.77482835734462,387.5,535075.69
land,Ciudad de Mexico,19.251105073185578,-99.6725481510422,390.7,514373.3
Land,Chiapas,17.338289634877125,-93.02032095219182,323.8,575925.95
Land,Coahuila,27.45961133060031,-102.27305947885468,260.4,427980.02
townhouse,Puebla,18.546376593516683,-98.04729584212016,64.0,101223.59
Apartment,Jalisco ,21.419057604600734,-103.00610796593472,137.6,82390.73
Apartment,Puebla,19.638730301644028,-98.93664491973315,345.1,138502.21
condo,Quintana Roo ,19.90219324217624,-88.28985103842618,347.1,163859.98
land,Veracruz,19.49022984415051,-96.68908402783252,438.0,509342.44
land,Guanajuato,21.113873883701665,-101.27682224031308,290.6,194518.56
Terreno,jalisco,20.896035502054016,-103.90324620091468,327.7,335482.67
house,Sonora,29.930124704223772,-110.39736715432936,244.8,218245.79
House,Veracruz,19.23121676114462,-96.60098004768614,403.5,707908.45
Apartment,Chiapas,17.433176863135287,-93.84275581706927,139.3,227772.13
apartment,chihuahua,28.36125962438888,-106.68775808389763,280.2,256760.94
house,Baja California ,30.702791308579418,-115.2885129049653,429.6,323693.91
House,GUANAJUATO,20.44151018510135,-101.16872547396903,208.2,335015.36
Departamento,OAXACA,16.286190803855547,-95.94832536241503,157.1,15550311.87
Apartment,Puebla,19.82286240310298,-97.7384701428801,435.4,761092.43
HOUSE,Chiapas,17.24796456408703,-92.77195187228,344.5,126753.51
townhouse,Chihuahua,28.99770107272101,-105.43274222259724,381.7,196750.67
Land,Michoacan,19.423924059678757,-101.89393044339673,50.5,26046.84
Townhouse,Chihuahua ,28.699218409609635,-105.31597114052228,383.9,356239.28
land,Puebla,19.47215087987224,-98.99575988124232,154.0,107649.61
house,Quintana Roo,18.48414143412215,-89.2454451839887,38.0,14755.8
condo,Yucatan,21.01263687849544,-89.87538803422329,170.1,117292.65
Terreno,Sonora,28.997835986258394,-110.15249220052792,253.0,374536.09
Land,Jalisco,20.260803776566284,-103.35396194859956,3341.1,4400767.16
land,Oaxaca,999.99,-97.1071035565407,362.6,450659.6
Townhouse,OAXACA,16.57136933195717,-96.51750198962668,438.9,558024.45
Apartment,COAHUILA,27.362916931744763,-101.68218009161605,419.6,413601.17
Villa,chiapas,17.110054910976313,-92.83846340955748,301.0,286596.51
HOUSE,Baja California,31.28054317365038,-114.95733950206908,323.0,193886.41
Land,Chihuahua,28.623335099915074,-106.291665560889,442.9,720319.13
townhouse,puebla,18.88460450885037,-97.91690694812786,343.2,107028.07
House,Guanajuato,21.52419813319012,-101.46802750421476,277.2,384749.81
Villa,michoacan,20.271568727396357,-101.9332045893274,307.9,228054.16
condo,guanajuato,20.83310633404326,-101.51225734691336,360.5,533896.95
Casa,baja california,30.76755852505087,-115.0577001447761,90.7,64329.48
Apartment,SONORA,28.81666646255089,-109.95421349561148,119.1,146242.0
villa,yucatan,999.99,-88.66270042060002,224.2,378045.47
Apartment,Yucatan ,20.376217042528086,-88.78236757172463,135.6,206754.98
house,SONORA,29.20745340976175,-110.4154925445276,290.2,365420.99
house,OAXACA,16.319305967313955,-96.43145738658964,89.2,41871.03
villa,coahuila,26.591856384979973,-101.88519535737645,431.1,322385.2
Condo,NUEVO LEON,25.57227989182615,-100.22848005411824,282.4,320153.08
apartment,Veracruz,19.40986920649089,-96.91395655973464,214.9,351869.21
townhouse,Oaxaca,17.608640896146802,-96.90394942821224,348.6,621455.12
HOUSE,Chiapas,16.390419596136653,-93.2085293903824,322.0,443007.0
townhouse,NUEVO LEON,26.023370235536085,-100.63899749605493,447.0,158608.48
HOUSE,Oaxaca,17.431751495730854,-96.31483317682434,176.7,267702.09
Townhouse,Chihuahua,28.1943175632545,-105.68047915899824,74.3,29787.22
apartment,SONORA,29.78673093412432,-110.96577754686652,193.8,312356.36
apartment,veracruz,19.03107219306427,-96.27910635605646,-166.6,243599.94
condo,Baja California,31.097285019507257,-115.8325086505906,36.1,42984.88
Terreno,CHIHUAHUA,29.096088371670056,-105.83897011500328,285.3,292945.84
Land,Sonora ,29.14350091722237,-110.1006930430754,291.5,238410.83
HOUSE,Chihuahua,27.92175603837729,-106.75594145752008,200.5,350388.58
Casa,guanajuato,20.712292349140007,-101.63338731693648,319.7,17538871.26
House,Quintana Roo,18.62158687416665,-88.05434097871421,368.0,475012.74
Land,Sonora,29.231463153651777,-110.71927619163276,363.2,521528.0
Land,Quintana Roo ,19.955997636450963,-88.30106164310291,402.7,554726.85
condo,Oaxaca,17.085060075148807,-97.27903171862678,180.3,85160.73
villa,yucatan,21.4920097339276,-88.99693276713849,333.7,275104.43
Casa,BAJA CALIFORNIA,31.088557710197424,-116.0640236592225,343.6,218521.83
land,Baja California,30.78975067478842,-115.95710699077596,443.4,332821.79
land,Coahuila,26.977926045432405,-102.11859256199196,197.6,89709.47
Villa,Sonora,29.676588566565403,-110.50734276823488,210.2,304118.92
villa,Oaxaca,16.429561076931076,-96.74522621188096,241.1,313691.0
Land,Chihuahua ,28.22213721024362,-106.32564277847722,407.1,416445.08
townhouse,guanajuato,21.086574001929428,-101.7265883605424,367.0,280203.62
Condo,Baja California,31.283969520454256,-115.4713215960909,431.6,414708.15
townhouse,BAJA CALIFORNIA,30.79390695074255,-115.88856283199048,206.7,13570506.13
land,CDMX,19.861816518055026,-98.4735955538846,97.3,55295.6
Departamento,PUEBLA,19.714061114654964,-98.61244810266192,171.4,303721.09
Apartamento,Puebla,999.99,-98.99201223057705,232.2,199018.15
condo,CHIAPAS,16.83636337548667,-93.46415573196786,336.1,267628.5
apartment,MICHOACAN,20.00846516691894,-101.94504042406822,96.3,65865.0
House,OAXACA,17.17341494026657,-96.69507071970482,109.7,149508.0
House,Veracruz,19.05185010646408,-95.84181848394458,423.8,582092.2
Villa,yucatan,20.598892740082377,-88.90619932552946,142.0,18165704.71
Casa,Guanajuato ,21.07284020386602,-101.48258471111748,241.4,427755.41
Condo,Veracruz ,19.508739417524044,-96.60665985104556,82.1,140286.07
townhouse,Chiapas,17.008788965198033,-93.7847099320782,93.3,130780.53
House,Yucatan,20.87497499939296,-89.07581065178631,200.0,188292.14
villa,Ciudad de Mexico,19.13017010856077,-99.86275205813584,173.3,78791.58
Terreno,Veracruz,18.89848265398428,-96.29286680539542,233.1,72318.15
house,Nuevo Leon,25.49582050614698,-100.0459262663578,280.4,115324.59
villa,Coahuila,27.226197254966586,-101.90526649579532,368.3,171726.37
apartment,chihuahua,28.463815846204906,-106.6575975274066,55.5,23732.83
Land,Oaxaca,17.776115104279416,-95.97906424910728,53.9,66269.34
Apartamento,Michoacan ,20.102681428361134,-101.91825446683995,226.6,197778.44
Casa,Chiapas,17.249247430331312,-93.3893787040017,-387.3,97759.75
Casa,Quintana Roo,19.93070572812132,-87.95934376378237,152.7,75722.61
HOUSE,Chihuahua ,28.765133820205367,-105.64111581976552,104.6,176097.02
Casa,OAXACA,17.210990003524074,-96.05871426958149,117.1,177283.31
apartment,Veracruz,19.39745841435824,-96.08014539034772,129.3,98501.03
Apartment,Baja California,30.78344377157784,-999.99,155.6,119665.84
condo,Oaxaca,17.338568553362652,-96.67833403213136,270.4,205434.37
Apartamento,Michoacan ,19.235930467164454,-101.3685837024883,314.3,469551.31
Apartamento,baja california,30.894503303340496,-114.81782046063827,428.3,759802.9
HOUSE,Nuevo Leon,26.20412916946975,-99.63218709862495,201.2,119106.97
Casa,Jalisco,20.701221738892094,-103.4185150808412,306.7,307999.15
House,Coahuila ,27.61341581309236,-100.99449902207856,206.1,133377.63
condo,SONORA,29.580164073400173,-110.60980406572745,75.7,121485.59
Casa,Quintana Roo,19.897617232320243,-89.04914530595427,185.8,311381.59
land,Michoacán,20.25046749009814,-100.99279623264113,7956.4,11140666.27
apartment,oaxaca,16.483022666397957,-96.60517163326726,147.0,139404.23
House,PUEBLA,18.45561296899936,-98.24287402079274,152.6,139319.23
Land,VERACRUZ,19.461772360194526,-96.91934088382646,445.1,221776.74
Townhouse,yucatan,20.03706068849732,-88.64657800039528,229.5,132183.9
Departamento,Sonora,28.685065193351644,-109.66509138263898,125.9,66699.09
house,sonora,29.34597230185429,-110.52898895087442,164.3,281299.86
Apartamento,BAJA CALIFORNIA,31.62221322243992,-115.15955815505556,92.3,44177.42
House,Nuevo Leon,24.853485105787268,-99.3283661254196,349.9,427935.53
Apartamento,Baja California,31.185757103408346,-115.30387211728085,308.9,357803.61
Casa,puebla,18.32789915302812,-97.63951636735464,204.8,339953.95
condo,PUEBLA,19.17969946081989,-97.78514139019816,163.7,283224.24
Casa,Coahuila,26.26280441497373,-101.34511842781836,308.9,299577.73
Apartment,Nuevo Leon,25.80445832760284,-99.34874023900822,288.7,114306.85
apartment,Coahuila,27.31585706385159,-101.74841971621127,197.3,220697.16
Townhouse,Quintana Roo,18.909484457564574,-88.67135636041415,306.7,210393.17
Land,baja california,31.58791311387528,-114.83115361370972,334.4,185848.85
Villa,Guanajuato ,20.93051337564653,-101.6796197788304,187.4,237480.82
Apartamento,Coahuila,27.100771805723543,-101.92297623614598,309.8,249339.93
Terreno,Guanajuato,21.53828662993217,-101.7524739775087,54.3,71035.95
Villa,Ciudad de Mexico,18.78889725977288,-99.56176959296852,289.8,508129.75
Townhouse,Chiapas,16.755785144462337,-92.91586233655414,331.8,136352.45
townhouse,Michoacan,19.324914135943224,-102.39673389750396,216.8,163418.57
Departamento,Guanajuato,20.40132795312826,-100.98427771484091,165.1,146743.52
townhouse,Nuevo León,24.956533157343276,-99.9908616341034,54.0,53130.03
Land,Sonora,28.66602269103865,-110.10910112017912,311.1,171171.57
land,Sonora,29.53259111091221,-110.50868134062772,323.9,119995.18
House,Sonora,28.83952460336958,-110.46711136656285,60.8,53760.29
Departamento,Guanajuato,20.375780530769266,-100.91877532680402,60.8,61674.28
land,Baja California,30.09919323445905,-115.0487592019188,54.8,38898.41
villa,Michoacan,18.91466659025877,-101.69720849179107,98.9,101393.06
land,Chiapas,17.22355913258167,-92.62810434589632,341.6,372203.95
Land,Guanajuato,20.681135638478956,-101.75804227206017,394.2,404809.25
Condo,Baja California,31.107675798330177,-114.77967322813446,191.7,87768.0
HOUSE,Quintana Roo,19.75676677973565,-89.0227364303125,372.1,552187.51
villa,Quintana Roo,19.204501604599407,-88.62697524804061,228.3,238282.2
apartment,yucatan,21.20244510611772,-89.47629585935441,366.7,298593.54
Land,chiapas,16.339693382103412,-93.22540385077616,174.4,73399.0
Apartment,Sonora ,29.79054587545733,-110.52042622320084,173.8,165363.16
apartment,Quintana Roo,19.4219305491998,-88.02912712062258,429.1,141848.0
Apartment,Yucatán,20.47423867094437,-89.46652743626159,61.3,63098.56
Apartment,Jalisco,21.32803942569844,-103.12972135799136,416.0,333819.66
land,QUINTANA ROO,19.45423620182889,-88.04136837380916,78.1,105756.33
Apartamento,yucatan,21.019398466746317,-89.07698020882054,194.2,243381.63
Villa,Quintana Roo,18.937406379361768,-89.15644145341471,159.5,122819.7
Departamento,guanajuato,20.5912794093697,-100.48671886245788,369.3,217683.13
Departamento,Ciudad de Mexico,19.72468217722965,-99.41970078318867,195.1,141299.91
Villa,Chiapas ,17.49964923957239,-93.55036522441296,367.3,515332.66
Land,Guanajuato,21.569030518955092,-101.56403455981165,309.3,345237.27
land,Puebla,18.353358097802097,-97.94351970414196,386.9,290362.03
villa,CIUDAD DE MEXICO,19.20992627396364,-99.24903046808686,284.1,96197.0
house,veracruz,19.46695869209229,-95.70902544718425,205.1,91143.25
HOUSE,puebla,999.99,-999.99,235.6,275746.99
villa,yucatan,20.472068053484985,-88.33026219485312,337.1,603036.76
Apartment,jalisco,20.957211430008947,-103.60812464519918,59.9,31799.57
Condo,SONORA,29.23227980747495,-110.93117813943486,156.7,255135.43
land,CIUDAD DE MEXICO,19.623874987271247,-98.42412938230744,303.8,302706.72
land,Veracruz,19.10341545435429,-96.83747980973918,413.8,133904.71
Departamento,puebla,18.96388786554445,-98.64071028101668,207.6,195174.31
villa,nuevo leon,25.59843335830549,-100.33337847783372,167.3,218961.88
HOUSE,Sonora ,29.348247166327337,-109.81029357122355,187.8,251620.94
Departamento,Sonora,29.094162248683794,-111.1083766100406,114.1,141487.47
Land,Veracruz,18.844602919148997,-95.41897525571576,398.6,463309.05
House,coahuila,27.156245122796854,-101.27890794903723,266.0,342274.66
Land,Jalisco ,19.920078080134036,-103.5805507947432,276.6,419494.7
Land,chiapas,16.369186983474222,-93.30972705657004,426.8,272458.04
townhouse,NUEVO LEON,25.999297406599972,-100.71658001210729,211.0,194389.15
townhouse,nuevo leon,25.096036587628216,-100.44787856253733,60.3,22625.37
Townhouse,Chiapas,17.031258993246652,-92.4086317920106,127.5,145378.85
townhouse,Yucatan ,20.57995739217484,-89.0019633544488,440.4,702040.14
Terreno,Veracruz,18.73013043707008,-95.9048922962828,225.5,219219.35
house,Quintana Roo,18.75709534149269,-88.77974075478873,395.6,219427.0
condo,Chihuahua,29.37892338229457,-106.17691074162884,86.5,47314.26
apartment,Veracruz,19.40986920649089,-96.91395655973464,214.9,351869.21
Apartamento,Coahuila,27.616103191755265,-101.34295664169451,267.8,272501.62
Departamento,Coahuila,27.05221724091484,-100.91706308044256,217.7,134165.27
Condo,Puebla,999.99,-98.70217396079632,250.8,333635.66
villa,Coahuila,26.717971355224165,-102.24986510381166,134.0,45768.54
Land,Oaxaca,16.342584059038675,-96.2734368064314,225.1,88067.7
villa,Baja California,31.288076606362267,-115.51879573862956,249.9,100691.15
Land,Sonora,29.85440198240983,-110.55857977800312,319.6,230839.46
Apartment,Guanajuato,21.743825922807517,-101.22059141963454,104.3,153496.85
townhouse,Michoacan,19.726892706815928,-102.36577489709758,287.7,487947.11
Departamento,COAHUILA,27.44181954334049,-101.22849388603152,313.7,275125.98
house,NUEVO LEON,25.82497308335373,-100.62271125021132,289.8,278895.57
Townhouse,Chiapas,16.970800262584653,-92.65224281497444,177.6,178186.65
Casa,Baja California ,30.36413742523064,-115.88026117648964,91.6,90489.0
Departamento,MICHOACAN,19.3784673901622,-101.11540754350288,318.3,352978.91
villa,Veracruz,19.93845713893294,-96.6814942780625,232.4,333230.6
townhouse,QUINTANA ROO,18.926008109362844,-89.04923009413979,445.0,399643.34
Villa,oaxaca,16.70094890604493,-96.153773048086,74.5,110150.97
Terreno,Ciudad de Mexico,18.93273206623125,-99.35435302535733,350.4,393789.84
House,Ciudad de Mexico,18.772954481694413,-99.32037555836158,365.8,655195.69
apartment,GUANAJUATO,20.697163374411524,-999.99,272.1,314881.77
Casa,Puebla,18.51122321744957,-98.50515635082512,300.9,252524.01
HOUSE,Sonora,29.375975214109385,-110.3775750769931,125.6,179872.93
land,Ciudad de Mexico ,19.387423343324382,-99.32043284101216,390.9,653163.22
HOUSE,VERACRUZ,19.18438022884721,-95.46157250483472,363.1,596664.9
apartment,Chihuahua,28.551363577900872,-105.35060162715472,3391.8,4493077.45
Departamento,Yucatan,21.482620900012225,-88.60567990062526,406.2,446792.78
condo,GUANAJUATO,20.473755868663133,-101.15122839264022,95.7,16422085.67
Apartamento,chiapas,16.35614758275668,-93.76473020532514,203.6,108280.59
Apartamento,Quintana Roo,19.9186387926994,-89.12370919974774,113.6,76469.22
Villa,Oaxaca,16.673788643859208,-97.38047698139044,273.7,492484.46
apartment,Chihuahua,28.37428743494627,-105.91248262018722,62.4,82216.31
Apartment,Chihuahua,28.163887721933303,-106.096418401953,324.2,243278.42
condo,Sonora,29.422887017126683,-109.96210854121156,284.2,300162.14
Apartamento,Michoacan,19.806495518945045,-102.25243605935069,306.7,263076.73
Casa,Coahuila,27.29246241268752,-102.36209470774357,278.0,311251.76
House,Sonora,30.091413695442025,-110.74932378986796,302.0,527724.09
Apartment,Chihuahua,28.8003615161228,-105.47229692790503,189.1,258518.89
Townhouse,yucatan,21.201272554651798,-89.45913104796584,-274.3,238494.93
Condo,coahuila,26.710234794159888,-102.45690441261245,294.5,267714.93
townhouse,Nuevo Leon,26.09002732204008,-99.27759897222715,266.6,318371.13
Townhouse,sonora,29.383779891705966,-109.64998223950894,158.4,140873.57
House,Yucatan,20.87497499939296,-89.07581065178631,200.0,188292.14
townhouse,MICHOACAN,20.319140977635566,-102.22109149412404,80.0,111425.41
Casa,Baja California,31.38915450977825,-114.71062434682628,129.6,183459.88
Villa,MICHOACAN,19.79049961576655,-101.61568040996056,357.0,124289.68
Villa,Veracruz ,18.39072478266718,-96.92063813333884,253.0,209300.48
Villa,Oaxaca,999.99,-97.40414796841978,211.3,272848.07
Apartamento,CIUDAD DE MEXICO,18.918805726309785,-98.98869523953655,223.7,299215.78
House,Yucatan,21.367187177170557,-88.43162170096227,199.9,142788.82
Apartment,NUEVO LEON,26.15893895148159,-100.5961361428288,343.7,211670.13
land,Chiapas,16.209982329438933,-92.33170628471474,165.8,130481.48
Casa,Baja California,30.343097053896777,-116.04854141035324,250.6,292715.06
land,Sonora ,29.274784741306583,-111.0201599704506,88.3,99311.49
Townhouse,Coahuila ,27.05182513753269,-101.58094197211456,50.4,53929.69
Apartamento,Chiapas,16.13992311377489,-92.41278876445335,188.1,328347.76
townhouse,YUCATAN,21.38335180405126,-89.63345337202051,380.1,432547.27
Apartamento,Yucatan,20.59888595351548,-88.5766436157762,159.7,214467.27
villa,Veracruz,19.689977484474017,-96.86762316436764,445.8,688808.29
villa,Nuevo Leon,25.3036897782927,-99.39089237693211,148.2,247220.86
villa,Jalisco,21.02752346227416,-103.31645144948236,319.9,370875.37
Land,Yucatan,20.24511124923438,-89.46713548472142,287.8,401104.0
Condo,PUEBLA,18.868466817033088,-97.87881585011336,321.4,267866.48
Casa,Nuevo León,26.31426742492733,-99.7914819646106,275.5,447156.4
Condo,Quintana Roo ,19.669140988560876,-88.33896609787577,121.7,91856.97
Casa,Veracruz,19.747403171918805,-96.85786511346816,124.4,193872.12
apartment,Quintana Roo,19.740645491616064,-88.79792172992776,414.6,726246.23
apartment,Michoacan ,19.246430685178783,-102.25479160108794,107.2,68218.05
Apartamento,Michoacan ,19.235930467164454,-101.3685837024883,314.3,469551.31
HOUSE,Veracruz,19.42747722125672,-96.79819054385165,280.1,472790.73
condo,JALISCO,20.785595572014792,-102.6633805305486,190.8,114001.98
Casa,BAJA CALIFORNIA,30.63169629671596,-116.01530649465816,184.9,19708846.73
Terreno,guanajuato,21.75264290729861,-101.508445663763,208.9,177067.19
Villa,Veracruz,19.409547392103345,-95.95971983257918,61.5,77544.87
townhouse,veracruz,19.8056814669138,-95.58070607015064,263.6,198816.85
apartment,Ciudad de Mexico,19.166290461768146,-99.72388854287728,218.4,249273.09
condo,Chiapas,16.379932793468047,-92.61795038485532,232.6,400625.04
house,sonora,29.40747446527473,-109.5947194795952,381.0,388110.38
Condo,Ciudad de Mexico,19.37641701499773,-98.65842791483492,290.4,106936.4
Casa,Chiapas,16.278799422288145,-93.47859727479914,245.3,75846.0
condo,chihuahua,29.324710984913903,-105.88412611824108,272.7,402518.06
Casa,QUINTANA ROO,18.53262127438701,-88.22472760077655,6267.3,7954893.53
Condo,ciudad de mexico,18.919660569836346,-99.79057401596616,207.7,303001.91
townhouse,Coahuila,27.709667568729785,-101.79333822067728,221.8,345962.38
house,guanajuato,20.923750077017612,-101.76241812737588,233.3,210217.57
Land,Michoacán,19.573212434903347,-101.37439025484665,217.5,124251.84
land,Coahuila,26.8076247160908,-102.33181970914436,342.3,386068.34
Casa,Chihuahua,28.230069550151843,-105.80558978048552,268.7,341280.01
Land,Guanajuato,21.58094222113825,-101.30454149172692,-426.9,446924.51
townhouse,Chihuahua,28.99770107272101,-105.43274222259724,381.7,196750.67
townhouse,CHIAPAS,16.713956851126447,-93.658673214473,370.7,270693.84
house,Yucatán,21.240614610660995,-89.77153039812248,290.2,288478.39
condo,Michoacan,19.61950330331716,-101.63276284920828,317.5,221152.49
apartment,Quintana Roo,18.46292468793194,-87.83080529447744,76.6,77259.21
Casa,MICHOACAN,20.062205468316755,-101.46386007256224,-97.6,69680.9
Casa,Nuevo Leon,26.341092496731587,-99.90090337818712,244.1,394671.9
Villa,Nuevo León,25.966272486421424,-99.25144203001908,258.3,246253.34
Departamento,yucatan,21.2481833476626,-88.62533732808552,174.2,89165.18
Townhouse,Guanajuato,20.84159673692515,-100.51945776557793,337.2,379137.54
villa,Puebla,19.66471874226281,-98.47590947882516,417.1,137788.71
Terreno,Quintana Roo ,18.679310268977687,-999.99,377.9,285643.87
Departamento,guanajuato,21.377518620594195,-101.08975516626964,212.2,146309.79
house,Quintana Roo,999.99,-88.91132312708925,328.0,588039.26
Apartment,Michoacan ,19.629373742047136,-101.33891028945604,448.0,428803.26
house,Yucatan,20.449900876918196,-88.48687602239697,209.9,211046.11
Land,Veracruz ,19.39213642078562,-95.71551395042027,337.1,417045.17
House,Puebla ,19.636866852649742,-97.63255079785957,226.0,337422.12
Apartamento,Yucatan,20.29668057749835,-89.69826494546567,56.0,89389.76
land,Coahuila,27.347863032081086,-102.45628717865264,42.9,22614.6
condo,Oaxaca,16.560875803356105,-96.71153613691182,182.5,220251.93
Apartamento,BAJA CALIFORNIA,30.499661946990283,-115.39597896001628,228.0,141485.88
Apartamento,Coahuila,26.875080667833576,-102.03984423792588,409.0,722809.17
house,Chihuahua,28.992763233140582,-106.55950366060524,65.9,92432.61
land,Jalisco,20.49501387879568,-102.96233387620089,67.3,63526.25
HOUSE,OAXACA,16.791849691207478,-97.49543721218268,380.1,147056.03
land,sonora,28.92515582539302,-110.0994691309517,393.1,464007.24
Departamento,chihuahua,28.809816070099544,-105.61764998757378,52.4,65232.19
townhouse,Nuevo Leon,25.84189281777885,-100.78732829097916,79.2,44655.34
Terreno,Michoacan,19.97568869691406,-101.76168741913094,416.7,409772.89
villa,yucatan,20.410575230192308,-89.82115528323025,41.7,49041.2
Apartment,Quintana Roo,18.725931076041984,-88.71446785782983,401.2,403559.17
land,Quintana Roo,19.658109261286825,-88.27148348979412,199.2,323629.5
HOUSE,Michoacan,19.87170102182515,-101.65732747687444,324.7,377575.46
Terreno,Chiapas,15.982032479000043,-92.77505722822085,445.9,563334.16
townhouse,YUCATAN,21.38335180405126,-89.63345337202051,380.1,432547.27
Departamento,Baja California,31.03182524344693,-114.64361025465132,290.8,342054.92
condo,Ciudad de Mexico,20.16984624523912,-99.80502165561506,315.2,151242.39
villa,Chiapas,16.952683769499018,-93.20423680795533,411.4,203223.49
Condo,OAXACA,17.57421196734812,-96.53980827769364,315.2,135993.89
HOUSE,Sonora,29.12400162543705,-110.0970283605746,134.3,88855.92
Departamento,Guanajuato,20.639504359585963,-100.67788059920396,83.7,51460.2
condo,sonora,29.493548038227367,-110.3886172950712,355.6,586976.45
apartment,Michoacan,20.180866369937352,-102.36710599975385,-432.7,99087.78
condo,YUCATAN,20.20092280609005,-88.49207597931242,128.2,215974.51
house,CIUDAD DE MEXICO,19.24767819836325,-98.83038190648584,257.2,205801.04
apartment,jalisco,999.99,-104.04149673816649,163.5,131901.15
Terreno,Baja California,31.478460870832063,-115.30731658693998,324.3,188074.57
Apartamento,Ciudad de Mexico,19.89855127585467,-99.68676164857534,299.2,388621.96
house,Ciudad de Mexico,19.21876643215088,-98.96367420122807,121.6,198773.56
Villa,Chiapas,17.26426661618474,-93.45019399648004,90.7,41772.24
Apartment,jalisco,20.500944022849204,-102.6099041117604,388.0,494028.65
house,Puebla,19.346709018647957,-97.75185244312615,3539.1,5271782.39
Casa,Sonora,29.49725390043023,-110.18080976313747,161.4,128849.79
villa,Jalisco,20.38468465172902,-103.96444382885954,164.5,158896.11
Apartment,oaxaca,16.549244020816545,-96.44885782029642,279.9,215461.03
HOUSE,YUCATAN,20.895853591127207,-88.31004530836587,53.6,32134.69
land,oaxaca,17.167549521624387,-96.28048044840357,299.1,398857.86
villa,Ciudad de Mexico,19.28997377839445,-98.85101932449837,153.2,149123.65
Terreno,sonora,29.195168006382072,-110.87276650171268,216.8,256146.61
Terreno,Jalisco ,20.99755183725618,-999.99,159.0,89167.45
HOUSE,Guanajuato,21.45393601249008,-100.65868153916438,188.7,235894.52
Casa,Baja California,30.931157792952533,-115.8756935518154,172.2,91646.0
townhouse,Veracruz,19.834004542951718,-95.54137028826118,287.7,415371.54
Apartamento,Sonora,29.67610983743086,-110.24516949939031,331.5,557512.6
Land,Sonora ,28.79405486415544,-111.1009482294591,134.1,172644.92
apartment,Jalisco ,21.378117261219423,-102.83089426890947,300.4,112910.68
Condo,Jalisco,20.746982406465964,-103.86402280439668,273.1,387592.91
Terreno,Nuevo Leon,26.192189023259356,-99.9630997770297,437.4,217843.16
Apartment,Jalisco ,20.507751691303927,-102.603680494347,225.9,190383.78
villa,VERACRUZ,19.56336390545659,-95.50951102399884,59.2,64737.05
Terreno,chiapas,17.02826831376427,-92.74621272808476,82.4,64936.73
apartment,Quintana Roo,19.793168583909768,-88.83411929974835,121.2,46370.62
Departamento,Jalisco,21.080686928466704,-103.71313392065385,216.6,137120.15
Casa,Puebla,19.2438173561844,-97.65845076010264,282.0,402501.51
Condo,Guanajuato ,21.672607004198085,-101.58163498797218,-271.0,480852.21
villa,Jalisco,20.522807838030367,-103.91248041393048,425.0,486210.9
House,PUEBLA,18.766619121916328,-97.62333529275152,301.2,533643.43
Apartment,Oaxaca,17.55629113207246,-97.17619273771504,348.6,460599.13
villa,Nuevo Leon ,25.23001901734424,-100.77178925201538,120.7,93871.69
HOUSE,Yucatan,20.69195878250651,-89.18053450782796,263.8,410599.6
House,veracruz,18.77633825636302,-95.37792142663906,374.2,557178.63
Villa,Chiapas,17.451894272672266,-93.12029188498444,103.6,80906.49
Villa,jalisco,21.187408539547413,-103.2628675384622,131.7,195306.57
townhouse,Coahuila,27.83950993664743,-101.09619782416358,238.5,154771.01
villa,Guanajuato,21.57148628022816,-101.73865280142576,133.4,155039.87
land,Quintana Roo,18.622456246405047,-88.18260938122833,167.2,66318.42
townhouse,Puebla,18.97818617377318,-98.8840594790868,234.0,197461.57
HOUSE,Ciudad de Mexico,19.14254705273065,-98.4105405897054,190.8,213804.64
HOUSE,Sonora,29.20077861393258,-109.60053405148214,322.2,481990.68
villa,Sonora,28.6207225048492,-110.61139271353598,408.1,624096.27
Townhouse,Coahuila,26.65149227054991,-101.0114049942176,346.4,451110.73
townhouse,Nuevo Leon,25.964635579240028,-100.2327181306688,111.4,198903.06
apartment,Veracruz,18.77818126891132,-95.81121085623352,38.9,17562.17
condo,ciudad de mexico,19.85799072549862,-98.65645635799262,262.5,426101.31
Departamento,Veracruz,18.96473129541513,-95.4112851955561,85.2,30708.0
House,nuevo leon,25.65654473098104,-99.5185778823078,89.7,132993.46
apartment,Quintana Roo ,19.84271779869687,-88.3716119176344,242.2,306208.08
Terreno,Jalisco,20.288455249431383,-103.54160001106646,196.7,86013.1
Land,Oaxaca,17.776115104279416,-95.97906424910728,53.9,66269.34
Apartment,CIUDAD DE MEXICO,18.67052075657126,-99.7860939478769,381.7,479844.36
Land,Puebla,19.35693346271104,-98.11924003573311,192.3,107888.19
Departamento,QUINTANA ROO,18.710758691042862,-87.87521943582776,317.0,540489.67
Apartment,Quintana Roo,18.61254465392606,-88.99885319130291,140.5,145493.07
Apartamento,CHIAPAS,17.454791295858794,-92.90715118745037,212.2,308712.97
Land,Jalisco,20.084911224009414,-102.6031996648596,441.7,665589.54
house,QUINTANA ROO,18.789693032972057,-88.75067921020144,189.0,10657519.62
apartment,Sonora,999.99,-109.65119470119436,306.3,15519452.17
condo,Nuevo León,25.756021867921557,-99.32253885373107,269.7,137807.27
Casa,Yucatán,21.506224360663445,-89.12186626481355,70.6,98502.96
Condo,Guanajuato,21.15514761214742,-101.97045703055277,287.9,247659.53
Condo,Quintana Roo ,19.669140988560876,-88.33896609787577,121.7,91856.97
condo,Guanajuato,20.483969315886387,-101.934058838814,112.6,154932.43
Land,Jalisco,20.042363902118524,-103.43056253116043,194.4,207521.94
Apartment,Ciudad de Mexico,19.212756270371276,-99.64477932339705,236.8,119903.21
HOUSE,Sonora,29.39538901466104,-110.7105134263633,200.8,360698.33
Apartment,YUCATAN,21.451160264104782,-89.45188744208461,420.8,291051.06
townhouse,oaxaca,17.22784781992533,-96.66715672231288,345.5,281851.12
land,Michoacán,20.02068917574203,-101.70147326697848,89.1,137328.29
condo,Sonora,29.59486966287797,-999.99,65.4,44332.17
land,Chiapas,17.22355913258167,-92.62810434589632,341.6,372203.95
House,OAXACA,17.722864457601645,-96.68372145515106,118.3,83628.89
Apartamento,MICHOACAN,19.42617105656608,-102.21982293853088,205.9,288792.52
Townhouse,Guanajuato,21.711563609144417,-100.6660373068255,193.9,177643.94
Apartment,Oaxaca,16.382673195490483,-96.5167423730326,344.9,154399.55
condo,coahuila,27.40153693786571,-102.33562992832816,160.4,190202.95
Apartment,Coahuila,26.89389131884528,-101.7141857642852,419.3,131618.59
Apartamento,Ciudad de Mexico,19.690621309708337,-98.69629065473808,394.6,386753.56
House,Veracruz,19.23121676114462,-96.60098004768614,403.5,707908.45
Villa,Sonora,29.173383037045603,-110.68630585332538,77.4,64897.51
Townhouse,Jalisco,20.682349791693746,-103.70403637765672,335.2,390279.22
house,Puebla,19.30014122055354,-98.60857680823888,194.7,221474.43
apartment,Baja California,30.74388619954633,-114.66876387833888,104.1,174736.97
apartment,Puebla,19.20478550721683,-97.70481512255994,6208.0,7730415.85
Villa,chihuahua,27.85333282416737,-106.69874725464258,58.5,86480.45
Terreno,Coahuila,27.17734442430761,-101.71623355382508,66.1,109538.88
Townhouse,Nuevo Leon,25.27660417792757,-99.79902781009277,250.8,250557.41
apartment,NUEVO LEON,25.928031812676004,-100.75018474044252,390.6,249929.96
townhouse,Jalisco,20.18801099664944,-102.57661481296816,438.6,8472088.6
HOUSE,Chihuahua,29.33596915425538,-106.14671616136592,107.0,84676.66
HOUSE,Chihuahua,28.26452630918302,-106.65708879280928,265.2,90006.99
House,Oaxaca,16.658356089820202,-96.65359801666824,344.0,336640.19
Apartment,Michoacan,19.23022349226005,-100.99638475882814,96.0,159390.83
land,jalisco,20.54867144320552,-102.55744293624949,77.6,57692.49
villa,Jalisco,20.792083223338278,-103.9233145910651,324.9,387463.34
Apartment,Ciudad de Mexico,19.47377671012008,-999.99,179.1,262176.6
Townhouse,Baja California,31.145716078248668,-115.94589296384984,99.9,148873.35
House,Ciudad de Mexico ,19.36291786740493,-98.4643502890542,376.8,472173.62
HOUSE,Chihuahua,29.04293012866009,-106.1162986827974,110.3,138115.13
Townhouse,Baja California,31.145716078248668,-115.94589296384984,99.9,148873.35
Townhouse,Yucatan,21.400089976847983,-89.38465194918511,384.7,408156.11
Townhouse,Yucatan,20.39511613233067,-89.11681913514164,7471.3,12205009.66
condo,YUCATAN,20.17851986680253,-88.47778759456779,300.2,291177.46
Apartamento,Chiapas,16.891582934178757,-93.19142625049172,313.8,338881.56
Villa,Nuevo Leon ,25.014344094335065,-100.31438997539988,215.4,221075.14
House,GUANAJUATO,20.2891626574568,-100.62014942575064,428.5,743196.53
apartment,Sonora,29.1408438570312,-110.10604033870024,-69.7,462043.93
condo,Michoacan ,20.06360298512624,-102.0573077355076,183.3,118988.0
Villa,oaxaca,17.48679011306933,-96.50443863673048,153.9,224567.9
house,Chiapas,16.13502970906509,-92.74271920038426,77.5,86648.86
HOUSE,Nuevo León,25.505440433271133,-100.37492645330738,-146.5,381072.87
apartment,Puebla,18.561520509008123,-98.517423939589,138.6,201165.57
Terreno,Ciudad de Mexico,19.524449270453434,-98.4652479768713,227.8,259324.77
Apartment,puebla,19.834497280371213,-97.44505694549024,415.6,472125.94
Terreno,Veracruz,18.874616505381766,-95.50592510427256,351.9,555843.82
House,Coahuila,27.588859349425796,-101.04364159683512,99.3,69015.87
land,Michoacan,19.23875842003389,-102.25593900149408,410.8,463848.02
villa,Guanajuato,21.57148628022816,-101.73865280142576,133.4,155039.87
Condo,Sonora,28.964596780349773,-110.42447134387535,76.2,61105.64
Condo,guanajuato,21.514546433901995,-100.94275438989054,69.5,93111.91
land,michoacan,19.917775679206542,-101.44800789979335,221.4,354451.0
land,Yucatan,20.974732473946947,-88.56301540108375,402.4,460581.25
townhouse,Ciudad de Mexico,19.651396920889024,-98.80864775996945,302.6,534389.73
Townhouse,SONORA,29.66726909282694,-109.55717344299136,-227.9,447159.43
Terreno,Nuevo Leon,25.072310968100645,-99.82101314097834,241.5,156560.26
Land,PUEBLA,19.29799652079714,-97.94552938284777,79.8,129683.26
HOUSE,Guanajuato,21.398107146417637,-100.5750044483046,416.2,224962.35
Casa,Veracruz,19.39611444044491,-96.8112773111121,352.3,194012.98
House,Puebla,19.6741727601108,-97.64376212305176,160.4,198159.63
Apartamento,Chiapas,16.495722995142852,-92.7031078328844,102.3,149014.96
villa,Michoacan,19.5655670653405,-102.27418578143372,36.8,64893.18
townhouse,Veracruz ,19.335398498821352,-95.78031257782467,46.1,74393.45
Villa,Nuevo Leon,25.208849617157483,-100.29496862711711,438.9,369065.88
House,Veracruz,19.50521500991212,-95.86931474946805,221.1,243312.69
House,Yucatán,20.383164685142784,-88.85807568246184,161.5,256281.63
villa,Nuevo Leon,25.778041919651447,-99.54044110404706,271.6,324640.0
Departamento,Sonora,28.5943274915732,-111.100468545556,146.2,238848.53
house,NUEVO LEON,24.906188593952383,-99.81497938637445,89.0,116878.71
Condo,Sonora,28.94954939697966,-109.75552922985516,144.8,171542.3
Apartamento,Nuevo Leon ,26.13513068299426,-99.6876251696502,4583.1,2244391.13
House,Baja California,31.208858795364264,-114.546254218313,407.9,124531.6
Departamento,Ciudad de Mexico ,20.140249057638584,-99.8521796785356,335.6,293346.0
land,Ciudad de Mexico,19.34072590295773,-98.70095702226224,63.9,57668.24
apartment,Coahuila,27.51272051541625,-102.10351844086004,141.6,170731.7
townhouse,Chiapas,17.08587248733128,-93.16985667077748,39.9,38831.91
Townhouse,Puebla,18.964586756080585,-97.99249557863952,249.0,424421.54
land,yucatan,999.99,-89.18621016602927,308.7,502270.0
Terreno,michoacan,19.787182174357408,-101.21250643407797,422.9,164855.93
Condo,ciudad de mexico,18.79191958706593,-98.6789763810551,390.9,117666.33
Departamento,SONORA,29.73316941592196,-109.77043081745792,443.3,363863.14
House,Sonora,30.091413695442025,-110.74932378986796,302.0,527724.09
Townhouse,Puebla,18.85813901238696,-98.83258781775756,244.3,128096.7
Casa,ciudad de mexico,19.99579796011918,-98.87183195601465,216.7,350558.47
Villa,Chiapas,17.145583027409845,-92.63510616144154,110.7,138966.03
house,chiapas,16.976920060613278,-93.34790219095842,430.4,521369.07
townhouse,Coahuila ,27.696495080005104,-101.68826434165518,360.7,437710.43
Terreno,Chiapas,17.02089240786375,-93.68662205675594,129.7,119338.8
Land,Chiapas,17.0787817619077,-92.64894176984154,257.3,178829.81
house,sonora,29.164036364328613,-110.09801230171576,376.9,542449.53
Terreno,Sonora,28.88648826220281,-110.0685639654451,177.7,200016.05
Villa,Oaxaca,16.61020744769111,-96.9779915395308,244.7,14514266.71
Land,Sonora,29.659457779343683,-109.5603893271629,413.2,476591.14
Villa,CDMX,19.78233347813889,-99.23694602349568,314.5,430973.68
Townhouse,Baja California,30.442845881921507,-115.89075058439632,257.4,148706.35
Apartment,Yucatan ,21.38831541102381,-88.84474471911855,378.6,432750.03
condo,Baja California,30.45568203633918,-999.99,328.8,192306.16
Townhouse,Chiapas,17.48754027192705,-93.15648829091931,-158.4,48758.26
Apartment,Veracruz,19.176671619623743,-96.49815623886022,426.8,316989.56
House,Yucatan ,20.1615959697618,-88.65697367478722,82.9,25189.39
land,Michoacan,20.197249512541525,-100.92898040306837,109.7,138472.94
Condo,Oaxaca,17.84964176022583,-96.09743812376576,306.3,9966418.69
villa,BAJA CALIFORNIA,30.235598569172343,-115.00120440674792,374.6,564493.64
House,Yucatán,20.383164685142784,-88.85807568246184,161.5,256281.63
townhouse,Baja California ,30.12443842857788,-114.89705110887336,232.6,248848.72
Apartment,Puebla ,19.18359406128466,-98.167959931199,175.9,97131.82
condo,Baja California,30.89911569323049,-115.3561423556258,277.6,474817.54
townhouse,Yucatan,20.30712109337159,-88.42893237619057,272.2,8347775.91
apartment,Quintana Roo,19.19504966898633,-88.0213702033706,4945.5,6200741.72
HOUSE,Guanajuato,20.608831375189727,-101.12622271718146,297.4,159593.91
Villa,guanajuato,20.724883514034964,-100.85441681213696,449.4,184205.05
Casa,JALISCO,20.100793909915986,-103.3598727148868,366.8,365159.19
Land,Michoacán,19.573212434903347,-101.37439025484665,217.5,124251.84
villa,Sonora,28.6818484036538,-110.5673195160594,311.9,443460.38
apartment,Oaxaca,16.4043734487918,-96.47480293684396,143.2,110446.69
HOUSE,Baja California ,31.57001351420633,-115.97242778427292,355.1,369816.31
condo,Guanajuato,20.228433733734388,-101.49458591572508,430.7,612142.5
house,Yucatan ,21.20518548410007,-88.95995283504844,192.9,344889.44
apartment,chihuahua,28.288273970927108,-106.3489555413104,-220.5,314558.61
condo,Veracruz,19.7609246962116,-95.56196457736011,198.1,135361.84
land,Chiapas,15.971935890327796,-92.64178707683976,100.6,82325.85
House,Ciudad de Mexico,19.163602750504133,-98.74917922399038,346.4,427652.62
HOUSE,Jalisco ,21.29424871297437,-103.92557897347872,180.9,268928.65
Apartamento,Nuevo Leon ,26.27822617800745,-100.29302449083735,347.2,311592.57
Casa,Veracruz,19.4998258002494,-96.8092356445641,262.3,304019.47
Apartamento,guanajuato,21.45153005297737,-101.00247654657235,365.6,640845.89
House,Sonora,28.593113181800646,-110.53413381114296,54.8,26694.43
Land,Veracruz,19.40760334582995,-96.87157259807891,252.5,213576.35
Villa,Puebla,18.806063266665717,-97.44188317663404,323.4,244524.77
House,Ciudad de Mexico,28.855725586326862,-106.08957996939206,268.2,327355.13
villa,OAXACA,19.16337438971873,-98.95058437174004,108.6,7215680.28
Departamento,Yucatan,29.13328754499975,-110.79135173748332,-282.8,18965969.11
Terreno,Veracruz,19.71764095885181,-88.40101320728986,81.1,11297383.16
Condo,puebla,19.83280440937748,-98.15740906010988,76.2,120334.21
HOUSE,Baja California,17.433676057175017,-93.82178670698136,75.1,113975.81
Apartment,Quintana Roo,25.535721827472724,-99.97954081064997,310.0,468041.13
house,Guanajuato,20.06760338988489,-99.14532457251012,204.8,121627.07
townhouse,Guanajuato ,18.6120359771844,-96.62710870881342,145.9,125412.34
house,Guanajuato,20.237292608672565,-103.11733939888086,48.4,47184.38
Departamento,Ciudad de Mexico,21.404179042678745,-89.68312739082768,186.6,269466.99
townhouse,Puebla,16.152470056567296,-93.36344307258597,395.3,692801.96
Casa,Chiapas,21.36938749764815,-103.93182104573324,78.8,60758.73
condo,Quintana Roo ,18.66282557495464,-98.06062781015788,353.1,138463.21
Casa,Michoacan ,20.584021423766742,-101.17253964007924,278.1,405539.63
Apartment,Veracruz ,19.456107816089315,-97.95001812435962,59.0,80833.2
House,jalisco,20.35989566844126,-101.65356183849246,393.9,118850.11
land,Quintana Roo,30.865323215864343,-115.07109463077472,346.7,220834.38
Land,GUANAJUATO,26.77636133491725,-102.46060079649612,234.1,164801.17
Condo,Michoacan,31.30237677441625,-116.030416750007,412.5,380842.54
Departamento,oaxaca,19.662158470139268,-97.4135441442753,184.1,317043.49
apartment,Ciudad de Mexico,26.27556512988447,-99.2191957766618,169.8,113795.84
apartment,chihuahua,18.71996728941528,-87.89011297506943,-54.3,464280.71
Land,Jalisco,16.51935386635374,-93.78395309913688,428.7,231856.39
apartment,Yucatan,999.99,-89.11766525905199,6702.7,6055205.95
Townhouse,Michoacan,31.15401164577132,-114.64946288343944,70.2,98489.64
Land,yucatan,19.461673741769637,-101.78140505232456,342.8,164257.59
Apartment,ciudad de mexico,18.4598835076924,-95.7443280540068,392.1,250286.35
apartment,Chiapas,18.48288235056708,-96.12597543926992,73.2,45386.25
townhouse,Ciudad de Mexico,28.684905919109337,-109.5315847887715,285.8,478054.71
townhouse,Veracruz ,18.97435611254488,-95.608108835894,349.7,341632.82
condo,Puebla,20.267422611538947,-101.29686502074138,105.9,127785.33
HOUSE,Jalisco,28.06372777499029,-999.99,51.1,76953.98
HOUSE,Jalisco,19.09436700902467,-96.05442865677212,288.6,128433.42
apartment,jalisco,17.779771180589755,-97.27988917299272,286.1,327706.68
house,Guanajuato,24.863137101272333,-99.9225780076677,358.3,481226.95
House,Oaxaca,26.671358460473968,-101.40933946213674,189.9,61967.72
Townhouse,Sonora,29.28786905238716,-110.92258106995452,448.0,589470.77
Land,Quintana Roo ,29.88292607198585,-110.73141641289898,351.0,363000.02
villa,Nuevo Leon,19.760176985535576,-99.60394483301228,61.0,98086.11
apartment,Nuevo Leon,21.50806937849214,-101.77482835734462,387.5,535075.69
Terreno,QUINTANA ROO,19.251105073185578,-99.6725481510422,390.7,514373.3
house,Puebla,17.338289634877125,-93.02032095219182,323.8,575925.95
Villa,Veracruz,27.45961133060031,-102.27305947885468,260.4,427980.02
Land,Coahuila,21.419057604600734,-103.00610796593472,137.6,82390.73
townhouse,Ciudad de Mexico ,19.638730301644028,-98.93664491973315,345.1,138502.21
apartment,Coahuila,19.90219324217624,-88.28985103842618,347.1,163859.98
condo,Veracruz,999.99,-101.48109816384935,169.0,258637.11
condo,Quintana Roo ,19.49022984415051,-96.68908402783252,438.0,509342.44
HOUSE,Puebla,21.113873883701665,-101.27682224031308,290.6,194518.56
land,Chihuahua,20.1882643765499,-98.42666174426894,167.3,87636.16
Apartamento,Ciudad de Mexico,20.896035502054016,-103.90324620091468,327.7,335482.67
Villa,Guanajuato,29.930124704223772,-110.39736715432936,244.8,218245.79
Villa,CIUDAD DE MEXICO,19.23121676114462,-96.60098004768614,403.5,707908.45
HOUSE,chiapas,17.433176863135287,-93.84275581706927,139.3,227772.13
Apartamento,OAXACA,28.36125962438888,-106.68775808389763,280.2,256760.94
Casa,Coahuila,26.189788444128915,-100.47287355409794,272.0,350031.87
villa,Yucatan ,30.702791308579418,-115.2885129049653,429.6,323693.91
townhouse,Puebla,20.44151018510135,-101.16872547396903,208.2,335015.36
land,sonora,16.286190803855547,-95.94832536241503,157.1,15550311.87
condo,Sonora,17.24796456408703,-92.77195187228,344.5,126753.51
Land,CDMX,28.99770107272101,-105.43274222259724,381.7,196750.67
condo,Guanajuato,19.423924059678757,-101.89393044339673,50.5,26046.84
condo,Quintana Roo ,28.699218409609635,-105.31597114052228,383.9,356239.28
condo,Michoacan,19.867049097595046,-102.11519958157012,-447.6,377871.48
Casa,Coahuila,18.48414143412215,-89.2454451839887,38.0,14755.8
house,Puebla ,28.997835986258394,-110.15249220052792,253.0,374536.09
Departamento,Ciudad de Mexico,19.06594178193786,-999.99,292.0,216856.06
HOUSE,Puebla ,20.260803776566284,-103.35396194859956,3341.1,4400767.16
Townhouse,PUEBLA,999.99,-97.1071035565407,362.6,450659.6
Apartamento,Michoacan,16.57136933195717,-96.51750198962668,438.9,558024.45
House,Yucatan ,27.362916931744763,-101.68218009161605,419.6,413601.17
house,Quintana Roo ,17.110054910976313,-92.83846340955748,301.0,286596.51
condo,Coahuila,31.28054317365038,-114.95733950206908,323.0,193886.41
Departamento,Guanajuato,28.623335099915074,-106.291665560889,442.9,720319.13
Villa,Chiapas,18.88460450885037,-97.91690694812786,343.2,107028.07
Villa,Baja California,21.52419813319012,-101.46802750421476,277.2,384749.81
villa,CDMX,20.271568727396357,-101.9332045893274,307.9,228054.16
Townhouse,Michoacan ,20.83310633404326,-101.51225734691336,360.5,533896.95
apartment,CHIHUAHUA,30.76755852505087,-115.0577001447761,90.7,64329.48
townhouse,Ciudad de Mexico,28.81666646255089,-109.95421349561148,119.1,146242.0
Land,Yucatan ,999.99,-88.66270042060002,224.2,378045.47
Terreno,chihuahua,20.376217042528086,-88.78236757172463,135.6,206754.98
townhouse,Baja California,29.20745340976175,-110.4154925445276,290.2,365420.99
House,Michoacan,18.81839649882121,-88.5020728099224,366.2,571549.76
House,Jalisco ,16.319305967313955,-96.43145738658964,89.2,41871.03
Apartment,michoacan,26.591856384979973,-101.88519535737645,431.1,322385.2
Villa,Michoacan,17.608640896146802,-96.90394942821224,348.6,621455.12
Casa,yucatan,16.390419596136653,-93.2085293903824,322.0,443007.0
condo,Sonora,26.023370235536085,-100.63899749605493,447.0,158608.48
Departamento,yucatan,17.431751495730854,-96.31483317682434,176.7,267702.09
Terreno,Sonora,28.1943175632545,-105.68047915899824,74.3,29787.22
land,Jalisco ,19.242366838663926,-97.84471861844727,72.8,45145.59
house,Veracruz,29.78673093412432,-110.96577754686652,193.8,312356.36
apartment,Coahuila ,19.03107219306427,-96.27910635605646,-166.6,243599.94
villa,Coahuila,31.097285019507257,-115.8325086505906,36.1,42984.88
Apartamento,Coahuila,29.096088371670056,-105.83897011500328,285.3,292945.84
villa,Quintana Roo,29.14350091722237,-110.1006930430754,291.5,238410.83
condo,Quintana Roo,27.92175603837729,-106.75594145752008,200.5,350388.58
Townhouse,Baja California,20.712292349140007,-101.63338731693648,319.7,17538871.26
House,Jalisco,18.62158687416665,-88.05434097871421,368.0,475012.74
Casa,Guanajuato,19.955997636450963,-88.30106164310291,402.7,554726.85
townhouse,Jalisco ,26.380754841724137,-100.16730618914552,381.5,674391.29
Terreno,Puebla,17.085060075148807,-97.27903171862678,180.3,85160.73
Apartment,Michoacan,31.088557710197424,-116.0640236592225,343.6,218521.83
Terreno,jalisco,30.78975067478842,-115.95710699077596,443.4,332821.79
apartment,Baja California,16.429561076931076,-96.74522621188096,241.1,313691.0
Townhouse,Veracruz,28.22213721024362,-106.32564277847722,407.1,416445.08
Casa,Baja California,21.086574001929428,-101.7265883605424,367.0,280203.62
House,sonora,31.283969520454256,-115.4713215960909,431.6,414708.15
Casa,Chihuahua,30.79390695074255,-115.88856283199048,206.7,13570506.13
Villa,guanajuato,20.730999805936925,-103.11338444255604,64.6,49187.58
apartment,Oaxaca,999.99,-98.99201223057705,232.2,199018.15
townhouse,Oaxaca,20.150274966352622,-98.69956420992884,272.4,94094.82
Departamento,Michoacan ,16.83636337548667,-93.46415573196786,336.1,267628.5
Townhouse,Jalisco ,20.00846516691894,-101.94504042406822,96.3,65865.0
apartment,Ciudad de Mexico,17.17341494026657,-96.69507071970482,109.7,149508.0
Apartment,Guanajuato,19.05185010646408,-95.84181848394458,423.8,582092.2
apartment,Nuevo Leon,20.598892740082377,-88.90619932552946,142.0,18165704.71
Townhouse,Chiapas,21.07284020386602,-101.48258471111748,241.4,427755.41
Land,JALISCO,19.508739417524044,-96.60665985104556,82.1,140286.07
HOUSE,CIUDAD DE MEXICO,17.008788965198033,-93.7847099320782,93.3,130780.53
Apartamento,Coahuila,20.87497499939296,-89.07581065178631,200.0,188292.14
Townhouse,Coahuila ,19.13017010856077,-99.86275205813584,173.3,78791.58
villa,Ciudad de Mexico,18.89848265398428,-96.29286680539542,233.1,72318.15
apartment,Puebla,25.49582050614698,-100.0459262663578,280.4,115324.59
Terreno,Yucatan,27.226197254966586,-101.90526649579532,368.3,171726.37
House,Nuevo León,20.102681428361134,-101.91825446683995,226.6,197778.44
Apartment,nuevo leon,17.249247430331312,-93.3893787040017,-387.3,97759.75
house,Michoacan,19.93070572812132,-87.95934376378237,152.7,75722.61
house,Michoacán,28.765133820205367,-105.64111581976552,104.6,176097.02
apartment,Chihuahua,17.210990003524074,-96.05871426958149,117.1,177283.31
land,Puebla,19.39745841435824,-96.08014539034772,129.3,98501.03
HOUSE,Ciudad de Mexico,30.78344377157784,-999.99,155.6,119665.84
House,Puebla,16.939708152333665,-96.4636059172128,63.1,66948.57
Apartment,Oaxaca,17.338568553362652,-96.67833403213136,270.4,205434.37
condo,Sonora,17.551880355735165,-97.17368396121132,371.8,489882.47
Apartment,yucatan,19.235930467164454,-101.3685837024883,314.3,469551.31
Apartamento,NUEVO LEON,30.894503303340496,-114.81782046063827,428.3,759802.9
Apartamento,Chihuahua,19.87657643645533,-103.73561860735414,275.9,267255.45
Departamento,Sonora,26.20412916946975,-99.63218709862495,201.2,119106.97
House,jalisco,27.61341581309236,-100.99449902207856,206.1,133377.63
house,Chiapas,29.580164073400173,-110.60980406572745,75.7,121485.59
Casa,COAHUILA,19.897617232320243,-89.04914530595427,185.8,311381.59
townhouse,Puebla,20.25046749009814,-100.99279623264113,7956.4,11140666.27
townhouse,guanajuato,16.483022666397957,-96.60517163326726,147.0,139404.23
villa,Michoacan ,18.45561296899936,-98.24287402079274,152.6,139319.23
Terreno,JALISCO,25.086588356456613,-99.80918412281576,313.5,119626.1
Condo,PUEBLA,19.461772360194526,-96.91934088382646,445.1,221776.74
Villa,veracruz,20.03706068849732,-88.64657800039528,229.5,132183.9
Casa,jalisco,21.114720016852534,-999.99,101.1,69515.88
Terreno,Yucatan,28.685065193351644,-109.66509138263898,125.9,66699.09
Villa,GUANAJUATO,29.34597230185429,-110.52898895087442,164.3,281299.86
Land,Michoacan ,31.62221322243992,-115.15955815505556,92.3,44177.42
Terreno,Veracruz ,24.853485105787268,-99.3283661254196,349.9,427935.53
House,Jalisco,31.185757103408346,-115.30387211728085,308.9,357803.61
house,sonora,18.32789915302812,-97.63951636735464,204.8,339953.95
condo,MICHOACAN,19.17969946081989,-97.78514139019816,163.7,283224.24
Casa,guanajuato,26.26280441497373,-101.34511842781836,308.9,299577.73
condo,Nuevo Leon,25.80445832760284,-99.34874023900822,288.7,114306.85
Apartment,Guanajuato,27.31585706385159,-101.74841971621127,197.3,220697.16
condo,Baja California,18.909484457564574,-88.67135636041415,306.7,210393.17
House,Chihuahua ,31.58791311387528,-114.83115361370972,334.4,185848.85
land,Michoacan,20.93051337564653,-101.6796197788304,187.4,237480.82
land,PUEBLA,27.100771805723543,-101.92297623614598,309.8,249339.93
Villa,Jalisco,21.53828662993217,-101.7524739775087,54.3,71035.95
Apartamento,Puebla,18.78889725977288,-99.56176959296852,289.8,508129.75
Land,QUINTANA ROO,16.755785144462337,-92.91586233655414,331.8,136352.45
townhouse,Yucatan ,19.324914135943224,-102.39673389750396,216.8,163418.57
Townhouse,Puebla,20.40132795312826,-100.98427771484091,165.1,146743.52
land,CIUDAD DE MEXICO,24.956533157343276,-99.9908616341034,54.0,53130.03
Apartment,Veracruz,28.66602269103865,-110.10910112017912,311.1,171171.57
house,Michoacan,29.53259111091221,-110.50868134062772,323.9,119995.18
House,SONORA,28.83952460336958,-110.46711136656285,60.8,53760.29
Condo,Jalisco ,20.375780530769266,-100.91877532680402,60.8,61674.28
Apartamento,Ciudad de Mexico,30.09919323445905,-115.0487592019188,54.8,38898.41
Terreno,Ciudad de Mexico,18.91466659025877,-101.69720849179107,98.9,101393.06
Terreno,Oaxaca,17.22355913258167,-92.62810434589632,341.6,372203.95
Casa,Veracruz,20.681135638478956,-101.75804227206017,394.2,404809.25
HOUSE,Quintana Roo,31.107675798330177,-114.77967322813446,191.7,87768.0
House,Baja California ,19.75676677973565,-89.0227364303125,372.1,552187.51
House,Sonora,19.204501604599407,-88.62697524804061,228.3,238282.2
land,BAJA CALIFORNIA,21.20244510611772,-89.47629585935441,366.7,298593.54
Apartamento,Ciudad de Mexico,16.339693382103412,-93.22540385077616,174.4,73399.0
condo,jalisco,29.79054587545733,-110.52042622320084,173.8,165363.16
condo,Oaxaca,19.4219305491998,-88.02912712062258,429.1,141848.0
Land,Ciudad de Mexico,20.47423867094437,-89.46652743626159,61.3,63098.56
HOUSE,Yucatan,21.32803942569844,-103.12972135799136,416.0,333819.66
villa,Coahuila,19.45423620182889,-88.04136837380916,78.1,105756.33
townhouse,SONORA,21.019398466746317,-89.07698020882054,194.2,243381.63
Condo,Sonora,18.937406379361768,-89.15644145341471,159.5,122819.7
house,Jalisco,20.5912794093697,-100.48671886245788,369.3,217683.13
Townhouse,Chiapas,19.72468217722965,-99.41970078318867,195.1,141299.91
House,CIUDAD DE MEXICO,17.49964923957239,-93.55036522441296,367.3,515332.66
HOUSE,Nuevo Leon,21.569030518955092,-101.56403455981165,309.3,345237.27
Townhouse,Chiapas,18.353358097802097,-97.94351970414196,386.9,290362.03
house,QUINTANA ROO,19.20992627396364,-99.24903046808686,284.1,96197.0
House,Chiapas,19.46695869209229,-95.70902544718425,205.1,91143.25
condo,QUINTANA ROO,999.99,-999.99,235.6,275746.99
Apartamento,baja california,20.472068053484985,-88.33026219485312,337.1,603036.76
house,Nuevo Leon,29.23227980747495,-110.93117813943486,156.7,255135.43
land,Jalisco ,19.623874987271247,-98.42412938230744,303.8,302706.72
HOUSE,chiapas,19.10341545435429,-96.83747980973918,413.8,133904.71
townhouse,CHIAPAS,25.59843335830549,-100.33337847783372,167.3,218961.88
HOUSE,BAJA CALIFORNIA,29.348247166327337,-109.81029357122355,187.8,251620.94
Departamento,oaxaca,18.844602919148997,-95.41897525571576,398.6,463309.05
apartment,Chihuahua,27.156245122796854,-101.27890794903723,266.0,342274.66
Casa,Chiapas ,19.920078080134036,-103.5805507947432,276.6,419494.7
house,sonora,16.369186983474222,-93.30972705657004,426.8,272458.04
Townhouse,Oaxaca,25.999297406599972,-100.71658001210729,211.0,194389.15
Apartamento,ciudad de mexico,25.096036587628216,-100.44787856253733,60.3,22625.37
townhouse,Chihuahua,17.031258993246652,-92.4086317920106,127.5,145378.85
Terreno,Sonora,26.527972002577027,-101.69281957771096,278.1,488744.35
Villa,Chiapas,18.73013043707008,-95.9048922962828,225.5,219219.35
townhouse,Nuevo Leon,29.37892338229457,-106.17691074162884,86.5,47314.26
land,Oaxaca,19.40986920649089,-96.91395655973464,214.9,351869.21
townhouse,Michoacan,27.616103191755265,-101.34295664169451,267.8,272501.62
Departamento,chihuahua,27.05221724091484,-100.91706308044256,217.7,134165.27
villa,Guanajuato,16.277156936227176,-96.2879835352997,225.3,188651.37
House,coahuila,999.99,-88.63385434893355,369.9,365296.8
House,QUINTANA ROO,999.99,-98.70217396079632,250.8,333635.66
condo,Guanajuato,26.717971355224165,-102.24986510381166,134.0,45768.54
land,Puebla ,16.342584059038675,-96.2734368064314,225.1,88067.7
Land,Nuevo León,18.564213802921195,-97.98958927937348,387.9,270650.49
Casa,Chihuahua,31.288076606362267,-115.51879573862956,249.9,100691.15
Terreno,YUCATAN,29.85440198240983,-110.55857977800312,319.6,230839.46
Casa,Michoacan,21.743825922807517,-101.22059141963454,104.3,153496.85
HOUSE,Sonora,19.726892706815928,-102.36577489709758,287.7,487947.11
Villa,veracruz,27.44181954334049,-101.22849388603152,313.7,275125.98
villa,Coahuila ,16.970800262584653,-92.65224281497444,177.6,178186.65
Land,guanajuato,30.36413742523064,-115.88026117648964,91.6,90489.0
Villa,GUANAJUATO,19.3784673901622,-101.11540754350288,318.3,352978.91
Villa,Chiapas,26.230086449257968,-100.08402209161208,385.9,316877.13
Departamento,Oaxaca,19.93845713893294,-96.6814942780625,232.4,333230.6
Apartment,Guanajuato ,18.926008109362844,-89.04923009413979,445.0,399643.34
HOUSE,Chiapas,16.70094890604493,-96.153773048086,74.5,110150.97
Condo,guanajuato,18.93273206623125,-99.35435302535733,350.4,393789.84
Apartment,chiapas,18.772954481694413,-99.32037555836158,365.8,655195.69
HOUSE,Jalisco,18.51122321744957,-98.50515635082512,300.9,252524.01
Departamento,BAJA CALIFORNIA,29.375975214109385,-110.3775750769931,125.6,179872.93
House,Baja California,19.387423343324382,-99.32043284101216,390.9,653163.22
Villa,Baja California,19.18438022884721,-95.46157250483472,363.1,596664.9
Land,Quintana Roo,28.551363577900872,-105.35060162715472,3391.8,4493077.45
HOUSE,Guanajuato ,21.482620900012225,-88.60567990062526,406.2,446792.78
condo,PUEBLA,20.473755868663133,-101.15122839264022,95.7,16422085.67
Condo,Quintana Roo,16.35614758275668,-93.76473020532514,203.6,108280.59
Land,Coahuila,19.9186387926994,-89.12370919974774,113.6,76469.22
Land,Quintana Roo,16.673788643859208,-97.38047698139044,273.7,492484.46
Apartment,Coahuila ,28.37428743494627,-105.91248262018722,62.4,82216.31
House,Puebla,24.86475489762141,-100.73666059484049,132.4,116905.06
townhouse,Nuevo Leon,28.163887721933303,-106.096418401953,324.2,243278.42
Apartamento,Ciudad de Mexico,27.29246241268752,-102.36209470774357,278.0,311251.76
Terreno,Coahuila,28.8003615161228,-105.47229692790503,189.1,258518.89
Villa,Michoacán,21.201272554651798,-89.45913104796584,-274.3,238494.93
Condo,Sonora ,26.710234794159888,-102.45690441261245,294.5,267714.93
Apartment,yucatan,26.09002732204008,-99.27759897222715,266.6,318371.13
condo,ciudad de mexico,29.383779891705966,-109.64998223950894,158.4,140873.57
House,OAXACA,18.958382649702067,-89.19575997667721,132.9,42873.75
apartment,Nuevo Leon,20.87497499939296,-89.07581065178631,200.0,188292.14
apartment,Veracruz ,20.319140977635566,-102.22109149412404,80.0,111425.41
land,jalisco,31.38915450977825,-114.71062434682628,129.6,183459.88
Departamento,puebla,19.79049961576655,-101.61568040996056,357.0,124289.68
HOUSE,SONORA,999.99,-97.40414796841978,211.3,272848.07
Land,Jalisco,18.918805726309785,-98.98869523953655,223.7,299215.78
townhouse,Coahuila ,21.367187177170557,-88.43162170096227,199.9,142788.82
land,oaxaca,26.15893895148159,-100.5961361428288,343.7,211670.13
land,Coahuila,16.209982329438933,-92.33170628471474,165.8,130481.48
Land,Baja California,30.343097053896777,-116.04854141035324,250.6,292715.06
Terreno,CIUDAD DE MEXICO,29.274784741306583,-111.0201599704506,88.3,99311.49
villa,Quintana Roo,26.284116394424828,-100.95396741814348,304.2,290110.28
Departamento,michoacan,27.05182513753269,-101.58094197211456,50.4,53929.69
land,Quintana Roo,16.13992311377489,-92.41278876445335,188.1,328347.76
Apartamento,Chiapas,21.38335180405126,-89.63345337202051,380.1,432547.27
Townhouse,oaxaca,20.59888595351548,-88.5766436157762,159.7,214467.27
Land,Nuevo Leon,19.689977484474017,-96.86762316436764,445.8,688808.29
Apartamento,Coahuila,25.3036897782927,-99.39089237693211,148.2,247220.86
Departamento,Michoacan,21.02752346227416,-103.31645144948236,319.9,370875.37
Condo,GUANAJUATO,20.24511124923438,-89.46713548472142,287.8,401104.0
land,Quintana Roo ,27.96219834708668,-106.33689288493356,59.1,36291.75
villa,Chiapas,18.868466817033088,-97.87881585011336,321.4,267866.48
Condo,Baja California ,26.31426742492733,-99.7914819646106,275.5,447156.4
Apartamento,Baja California,19.669140988560876,-88.33896609787577,121.7,91856.97
apartment,Michoacan ,17.396245852561385,-92.88210456903816,396.6,646563.23
Departamento,Michoacán,19.747403171918805,-96.85786511346816,124.4,193872.12
Apartment,Oaxaca,19.740645491616064,-88.79792172992776,414.6,726246.23
villa,Yucatan,19.246430685178783,-102.25479160108794,107.2,68218.05
Casa,Baja California,19.235930467164454,-101.3685837024883,314.3,469551.31
house,sonora,19.42747722125672,-96.79819054385165,280.1,472790.73
Departamento,Nuevo León,31.214271387271115,-115.08120978388236,387.6,588750.29
land,Yucatan ,19.7831496602876,-97.45351336014063,206.3,293490.69
Casa,Veracruz,20.785595572014792,-102.6633805305486,190.8,114001.98
Apartamento,Guanajuato,30.63169629671596,-116.01530649465816,184.9,19708846.73
Terreno,Nuevo Leon,21.75264290729861,-101.508445663763,208.9,177067.19
land,Chiapas,21.309618881171208,-88.77807150857667,235.1,194140.11
Condo,Ciudad de Mexico,19.409547392103345,-95.95971983257918,61.5,77544.87
Departamento,Coahuila ,19.8056814669138,-95.58070607015064,263.6,198816.85
Apartamento,SONORA,19.166290461768146,-99.72388854287728,218.4,249273.09
Apartamento,Baja California,29.40747446527473,-109.5947194795952,381.0,388110.38
Apartamento,Nuevo Leon,19.37641701499773,-98.65842791483492,290.4,106936.4
House,Jalisco,16.278799422288145,-93.47859727479914,245.3,75846.0
townhouse,Ciudad de Mexico,29.324710984913903,-105.88412611824108,272.7,402518.06
Villa,Guanajuato ,16.79090168682388,-93.26750366968513,280.5,157837.29
Terreno,Puebla,18.53262127438701,-88.22472760077655,6267.3,7954893.53
Villa,jalisco,18.919660569836346,-99.79057401596616,207.7,303001.91
Departamento,COAHUILA,27.709667568729785,-101.79333822067728,221.8,345962.38
condo,QUINTANA ROO,26.8076247160908,-102.33181970914436,342.3,386068.34
Villa,Nuevo Leon ,20.34307812691912,-101.07160036289072,443.5,319497.37
land,Veracruz,28.230069550151843,-105.80558978048552,268.7,341280.01
Casa,coahuila,21.58094222113825,-101.30454149172692,-426.9,446924.51
condo,Yucatán,28.99770107272101,-105.43274222259724,381.7,196750.67
Villa,NUEVO LEON,16.713956851126447,-93.658673214473,370.7,270693.84
house,Ciudad de Mexico ,21.240614610660995,-89.77153039812248,290.2,288478.39
House,Chiapas,19.61950330331716,-101.63276284920828,317.5,221152.49
Casa,QUINTANA ROO,18.46292468793194,-87.83080529447744,76.6,77259.21
land,baja california,20.062205468316755,-101.46386007256224,-97.6,69680.9
Land,michoacan,26.341092496731587,-99.90090337818712,244.1,394671.9
Departamento,Veracruz,25.966272486421424,-99.25144203001908,258.3,246253.34
HOUSE,Michoacan,21.2481833476626,-88.62533732808552,174.2,89165.18
Villa,Oaxaca,20.486390528110864,-89.00231361880488,205.9,271660.09
house,QUINTANA ROO,19.66471874226281,-98.47590947882516,417.1,137788.71
Casa,Yucatan,18.679310268977687,-999.99,377.9,285643.87
Apartment,Baja California,21.377518620594195,-101.08975516626964,212.2,146309.79
townhouse,Sonora,999.99,-88.91132312708925,328.0,588039.26
Terreno,BAJA CALIFORNIA,19.629373742047136,-101.33891028945604,448.0,428803.26
Villa,Quintana Roo ,19.39213642078562,-95.71551395042027,337.1,417045.17
apartment,yucatan,19.636866852649742,-97.63255079785957,226.0,337422.12
Departamento,Yucatan ,20.29668057749835,-89.69826494546567,56.0,89389.76
Apartment,Quintana Roo,27.347863032081086,-102.45628717865264,42.9,22614.6
HOUSE,Chiapas,999.99,-99.35072150071922,156.7,81226.18
villa,Sonora ,16.560875803356105,-96.71153613691182,182.5,220251.93
HOUSE,Sonora,30.499661946990283,-115.39597896001628,228.0,141485.88
Apartment,Guanajuato,26.875080667833576,-102.03984423792588,409.0,722809.17
HOUSE,YUCATAN,28.992763233140582,-106.55950366060524,65.9,92432.61
villa,Nuevo Leon,20.49501387879568,-102.96233387620089,67.3,63526.25
Apartment,Chiapas,30.04670624133793,-110.11719282916012,275.1,237958.57
Apartment,Sonora,16.791849691207478,-97.49543721218268,380.1,147056.03
condo,Chihuahua,28.92515582539302,-110.0994691309517,393.1,464007.24
condo,Yucatan,28.809816070099544,-105.61764998757378,52.4,65232.19
Land,CHIAPAS,25.84189281777885,-100.78732829097916,79.2,44655.34
Villa,Sonora,19.97568869691406,-101.76168741913094,416.7,409772.89
Apartment,Quintana Roo,20.410575230192308,-89.82115528323025,41.7,49041.2
land,Coahuila,27.851762939839876,-101.56027060592784,338.0,226453.67
Condo,Sonora ,19.658109261286825,-88.27148348979412,199.2,323629.5
land,Chihuahua,19.87170102182515,-101.65732747687444,324.7,377575.46
Condo,NUEVO LEON,15.982032479000043,-92.77505722822085,445.9,563334.16
Land,Quintana Roo,21.38335180405126,-89.63345337202051,380.1,432547.27
Departamento,yucatan,31.03182524344693,-114.64361025465132,290.8,342054.92
Apartamento,Michoacan,20.16984624523912,-99.80502165561506,315.2,151242.39
Terreno,Ciudad de Mexico,18.38531048392093,-95.88692620671488,185.3,236695.53
villa,Sonora,16.952683769499018,-93.20423680795533,411.4,203223.49
Apartamento,Yucatan,17.57421196734812,-96.53980827769364,315.2,135993.89
House,OAXACA,29.12400162543705,-110.0970283605746,134.3,88855.92
townhouse,Sonora,20.639504359585963,-100.67788059920396,83.7,51460.2
Apartment,Puebla ,29.493548038227367,-110.3886172950712,355.6,586976.45
House,Veracruz,20.180866369937352,-102.36710599975385,-432.7,99087.78
Condo,Puebla,20.20092280609005,-88.49207597931242,128.2,215974.51
Apartamento,Puebla,19.24767819836325,-98.83038190648584,257.2,205801.04
apartment,veracruz,999.99,-104.04149673816649,163.5,131901.15
House,Nuevo Leon,31.478460870832063,-115.30731658693998,324.3,188074.57
townhouse,Michoacan ,19.89855127585467,-99.68676164857534,299.2,388621.96
villa,MICHOACAN,19.21876643215088,-98.96367420122807,121.6,198773.56
House,sonora,17.26426661618474,-93.45019399648004,90.7,41772.24
condo,Veracruz ,19.346709018647957,-97.75185244312615,3539.1,5271782.39
Townhouse,YUCATAN,19.39913540672061,-101.64120887873388,340.4,544275.89
Townhouse,Sonora,29.49725390043023,-110.18080976313747,161.4,128849.79
land,Chiapas,16.549244020816545,-96.44885782029642,279.9,215461.03
Casa,Veracruz,20.895853591127207,-88.31004530836587,53.6,32134.69
condo,yucatan,18.92351063413934,-88.32716267209018,382.8,274765.23
Townhouse,Puebla,17.167549521624387,-96.28048044840357,299.1,398857.86
Condo,Guanajuato,19.28997377839445,-98.85101932449837,153.2,149123.65
Apartment,Sonora,29.195168006382072,-110.87276650171268,216.8,256146.61
land,Veracruz,21.45393601249008,-100.65868153916438,188.7,235894.52
Terreno,JALISCO,30.931157792952533,-115.8756935518154,172.2,91646.0
House,Yucatan,19.834004542951718,-95.54137028826118,287.7,415371.54
Land,jalisco,29.67610983743086,-110.24516949939031,331.5,557512.6
land,Sonora,21.378117261219423,-102.83089426890947,300.4,112910.68
Condo,Oaxaca,29.739104639525475,-999.99,7666.9,8227161.66
villa,Quintana Roo ,20.746982406465964,-103.86402280439668,273.1,387592.91
Condo,Quintana Roo,18.82515009488576,-102.08981388569512,306.4,272312.24
villa,MICHOACAN,20.507751691303927,-102.603680494347,225.9,190383.78
Casa,Oaxaca ,19.56336390545659,-95.50951102399884,59.2,64737.05
condo,Veracruz,17.02826831376427,-92.74621272808476,82.4,64936.73
Casa,chiapas,19.793168583909768,-88.83411929974835,121.2,46370.62
apartment,Sonora,21.080686928466704,-103.71313392065385,216.6,137120.15
Condo,CHIAPAS,20.46761806186677,-101.32041130185058,226.9,12816098.37
house,NUEVO LEON,19.2438173561844,-97.65845076010264,282.0,402501.51
Land,MICHOACAN,25.79946467982105,-100.73349461561683,142.2,247052.24
Villa,Veracruz,21.672607004198085,-101.58163498797218,-271.0,480852.21
Condo,Veracruz,20.522807838030367,-103.91248041393048,425.0,486210.9
HOUSE,Jalisco,17.55629113207246,-97.17619273771504,348.6,460599.13
House,Chiapas,25.23001901734424,-100.77178925201538,120.7,93871.69
HOUSE,Nuevo Leon,20.69195878250651,-89.18053450782796,263.8,410599.6
house,Sonora,29.988789224991937,-110.30732163103434,56.4,10496494.94
villa,NUEVO LEON,18.77633825636302,-95.37792142663906,374.2,557178.63
apartment,yucatan,21.187408539547413,-103.2628675384622,131.7,195306.57
house,Chihuahua,27.83950993664743,-101.09619782416358,238.5,154771.01
Land,Guanajuato,21.57148628022816,-101.73865280142576,133.4,155039.87
apartment,Chiapas,18.622456246405047,-88.18260938122833,167.2,66318.42
Casa,Coahuila ,18.97818617377318,-98.8840594790868,234.0,197461.57
townhouse,Jalisco ,19.14254705273065,-98.4105405897054,190.8,213804.64
Land,baja california,29.20077861393258,-109.60053405148214,322.2,481990.68
Departamento,Sonora,28.6207225048492,-110.61139271353598,408.1,624096.27
apartment,Guanajuato,26.65149227054991,-101.0114049942176,346.4,451110.73
land,Nuevo Leon,18.77818126891132,-95.81121085623352,38.9,17562.17
villa,Nuevo Leon,19.85799072549862,-98.65645635799262,262.5,426101.31
Land,Veracruz,18.96473129541513,-95.4112851955561,85.2,30708.0
apartment,Chihuahua,25.65654473098104,-99.5185778823078,89.7,132993.46
villa,Sonora,19.84271779869687,-88.3716119176344,242.2,306208.08
villa,BAJA CALIFORNIA,20.288455249431383,-103.54160001106646,196.7,86013.1
condo,Chiapas,17.776115104279416,-95.97906424910728,53.9,66269.34
land,nuevo leon,18.67052075657126,-99.7860939478769,381.7,479844.36
condo,Yucatan,19.35693346271104,-98.11924003573311,192.3,107888.19
land,Coahuila,20.931572757705943,-100.81777286155854,302.9,218367.85
Land,Quintana Roo,18.710758691042862,-87.87521943582776,317.0,540489.67
Apartment,OAXACA,18.61254465392606,-88.99885319130291,140.5,145493.07
HOUSE,Puebla,17.454791295858794,-92.90715118745037,212.2,308712.97
Villa,CDMX,20.084911224009414,-102.6031996648596,441.7,665589.54
Terreno,jalisco,18.789693032972057,-88.75067921020144,189.0,10657519.62
condo,Chihuahua,999.99,-109.65119470119436,306.3,15519452.17
condo,OAXACA,25.756021867921557,-99.32253885373107,269.7,137807.27
House,Sonora,25.398556990363065,-99.21970584995243,223.8,388511.53
Land,Puebla,21.506224360663445,-89.12186626481355,70.6,98502.96
land,Chihuahua,21.15514761214742,-101.97045703055277,287.9,247659.53
HOUSE,Puebla,19.669140988560876,-88.33896609787577,121.7,91856.97
Villa,nuevo leon,20.483969315886387,-101.934058838814,112.6,154932.43
Townhouse,NUEVO LEON,19.212756270371276,-99.64477932339705,236.8,119903.21
townhouse,Quintana Roo,29.39538901466104,-110.7105134263633,200.8,360698.33
townhouse,Baja California,21.451160264104782,-89.45188744208461,420.8,291051.06
Apartment,OAXACA,17.22784781992533,-96.66715672231288,345.5,281851.12
Apartment,SONORA,29.59486966287797,-999.99,65.4,44332.17
Townhouse,Baja California,17.22355913258167,-92.62810434589632,341.6,372203.95
Terreno,chiapas,17.722864457601645,-96.68372145515106,118.3,83628.89
land,coahuila,19.42617105656608,-102.21982293853088,205.9,288792.52
Casa,chihuahua,21.711563609144417,-100.6660373068255,193.9,177643.94
Condo,Veracruz,16.382673195490483,-96.5167423730326,344.9,154399.55
Condo,Oaxaca,27.40153693786571,-102.33562992832816,160.4,190202.95
Apartment,Oaxaca,26.89389131884528,-101.7141857642852,419.3,131618.59
Apartment,Jalisco,26.434138608561057,-101.50288633327506,61.4,110162.78
Apartamento,CIUDAD DE MEXICO,19.690621309708337,-98.69629065473808,394.6,386753.56
Terreno,Sonora,19.23121676114462,-96.60098004768614,403.5,707908.45
Apartamento,guanajuato,29.173383037045603,-110.68630585332538,77.4,64897.51
Casa,Chiapas,20.682349791693746,-103.70403637765672,335.2,390279.22
Villa,Baja California,19.30014122055354,-98.60857680823888,194.7,221474.43
Departamento,oaxaca,30.74388619954633,-114.66876387833888,104.1,174736.97
Apartment,Guanajuato,19.20478550721683,-97.70481512255994,6208.0,7730415.85
apartment,Sonora,27.85333282416737,-106.69874725464258,58.5,86480.45
Villa,Jalisco,27.17734442430761,-101.71623355382508,66.1,109538.88
Apartamento,baja california,25.27660417792757,-99.79902781009277,250.8,250557.41
Apartment,Quintana Roo,20.18801099664944,-102.57661481296816,438.6,8472088.6
Land,Sonora,26.357952518303332,-101.25182815848422,183.9,225123.62
Casa,Sonora,29.33596915425538,-106.14671616136592,107.0,84676.66
villa,Sonora,28.26452630918302,-106.65708879280928,265.2,90006.99
villa,Jalisco,19.23022349226005,-100.99638475882814,96.0,159390.83
Condo,Sonora ,20.54867144320552,-102.55744293624949,77.6,57692.49
townhouse,Ciudad de Mexico,20.792083223338278,-103.9233145910651,324.9,387463.34
Condo,Yucatan,31.145716078248668,-115.94589296384984,99.9,148873.35
Land,Guanajuato,29.04293012866009,-106.1162986827974,110.3,138115.13
Townhouse,OAXACA,31.145716078248668,-115.94589296384984,99.9,148873.35
Departamento,Quintana Roo,21.400089976847983,-89.38465194918511,384.7,408156.11
house,Coahuila ,20.39511613233067,-89.11681913514164,7471.3,12205009.66
Land,SONORA,16.891582934178757,-93.19142625049172,313.8,338881.56
house,Michoacan,25.014344094335065,-100.31438997539988,215.4,221075.14
apartment,Coahuila,16.858230551098355,-97.08570313139202,206.5,211394.39
Townhouse,Chihuahua,29.1408438570312,-110.10604033870024,-69.7,462043.93
HOUSE,Quintana Roo,20.06360298512624,-102.0573077355076,183.3,118988.0
Departamento,Michoacan,17.48679011306933,-96.50443863673048,153.9,224567.9
HOUSE,JALISCO,29.440539049537264,-109.91456736740308,380.5,320122.87
apartment,Baja California,16.13502970906509,-92.74271920038426,77.5,86648.86
Casa,Yucatan,25.505440433271133,-100.37492645330738,-146.5,381072.87
Townhouse,Quintana Roo,18.561520509008123,-98.517423939589,138.6,201165.57
house,Coahuila,19.524449270453434,-98.4652479768713,227.8,259324.77
apartment,VERACRUZ,19.834497280371213,-97.44505694549024,415.6,472125.94
apartment,CHIHUAHUA,18.874616505381766,-95.50592510427256,351.9,555843.82
Apartment,Sonora,27.588859349425796,-101.04364159683512,99.3,69015.87
land,Michoacan,19.23875842003389,-102.25593900149408,410.8,463848.02
house,Chiapas,28.964596780349773,-110.42447134387535,76.2,61105.64
Apartment,CHIAPAS,21.514546433901995,-100.94275438989054,69.5,93111.91
house,guanajuato,19.917775679206542,-101.44800789979335,221.4,354451.0
HOUSE,Veracruz,20.974732473946947,-88.56301540108375,402.4,460581.25
Terreno,guanajuato,19.651396920889024,-98.80864775996945,302.6,534389.73
House,Puebla,29.66726909282694,-109.55717344299136,-227.9,447159.43
Casa,sonora,25.072310968100645,-99.82101314097834,241.5,156560.26
villa,Oaxaca,19.29799652079714,-97.94552938284777,79.8,129683.26
Condo,Baja California,21.398107146417637,-100.5750044483046,416.2,224962.35
Villa,YUCATAN,19.39611444044491,-96.8112773111121,352.3,194012.98
villa,Yucatan ,19.6741727601108,-97.64376212305176,160.4,198159.63
HOUSE,Ciudad de Mexico,16.495722995142852,-92.7031078328844,102.3,149014.96
house,Nuevo León,19.5655670653405,-102.27418578143372,36.8,64893.18
Apartment,Guanajuato,19.335398498821352,-95.78031257782467,46.1,74393.45
land,Veracruz,16.129638927486766,-92.78935789616465,168.7,82542.78
House,ciudad de mexico,25.208849617157483,-100.29496862711711,438.9,369065.88
villa,puebla,19.50521500991212,-95.86931474946805,221.1,243312.69
Apartamento,OAXACA,20.53622592427472,-100.93538215327465,213.0,92355.07
apartment,YUCATAN,20.383164685142784,-88.85807568246184,161.5,256281.63
condo,Nuevo Leon,25.778041919651447,-99.54044110404706,271.6,324640.0
Departamento,YUCATAN,24.906188593952383,-99.81497938637445,89.0,116878.71
villa,Baja California,28.94954939697966,-109.75552922985516,144.8,171542.3
townhouse,Nuevo Leon ,26.13513068299426,-99.6876251696502,4583.1,2244391.13
land,veracruz,31.208858795364264,-114.546254218313,407.9,124531.6
Townhouse,chihuahua,20.140249057638584,-99.8521796785356,335.6,293346.0
villa,Nuevo Leon,19.34072590295773,-98.70095702226224,63.9,57668.24
Apartment,Ciudad de Mexico ,27.51272051541625,-102.10351844086004,141.6,170731.7
apartment,nuevo leon,17.08587248733128,-93.16985667077748,39.9,38831.91
Villa,YUCATAN,26.48096677998616,-101.57757137347154,349.2,342028.0
villa,Sonora,18.964586756080585,-97.99249557863952,249.0,424421.54
Apartment,Sonora,999.99,-89.18621016602927,308.7,502270.0
Terreno,Veracruz,19.787182174357408,-101.21250643407797,422.9,164855.93
Apartamento,Nuevo Leon,18.79191958706593,-98.6789763810551,390.9,117666.33
townhouse,yucatan,28.858571604203878,-110.0364333992474,391.2,172226.1
Casa,Guanajuato,29.73316941592196,-109.77043081745792,443.3,363863.14
condo,Veracruz,30.091413695442025,-110.74932378986796,302.0,527724.09
apartment,Sonora ,18.85813901238696,-98.83258781775756,244.3,128096.7
townhouse,Veracruz,19.99579796011918,-98.87183195601465,216.7,350558.47
Townhouse,Oaxaca,17.145583027409845,-92.63510616144154,110.7,138966.03
condo,Coahuila,16.976920060613278,-93.34790219095842,430.4,521369.07
apartment,Yucatán,27.696495080005104,-101.68826434165518,360.7,437710.43
Land,yucatan,17.02089240786375,-93.68662205675594,129.7,119338.8
Condo,guanajuato,17.0787817619077,-92.64894176984154,257.3,178829.81
House,chiapas,29.164036364328613,-110.09801230171576,376.9,542449.53
Apartment,oaxaca,28.88648826220281,-110.0685639654451,177.7,200016.05
Terreno,Jalisco,16.61020744769111,-96.9779915395308,244.7,14514266.71
Casa,Guanajuato,20.948172380702516,-103.00253125411096,3659.7,3378403.97
villa,Veracruz,29.659457779343683,-109.5603893271629,413.2,476591.14
Townhouse,GUANAJUATO,19.78233347813889,-99.23694602349568,314.5,430973.68
Apartamento,Guanajuato,30.442845881921507,-115.89075058439632,257.4,148706.35
apartment,Coahuila,21.38831541102381,-88.84474471911855,378.6,432750.03
Townhouse,Quintana Roo,21.77897047270415,-101.19246534177236,437.4,247373.74
Townhouse,Baja California ,30.45568203633918,-999.99,328.8,192306.16
land,oaxaca,17.48754027192705,-93.15648829091931,-158.4,48758.26
villa,Quintana Roo,19.176671619623743,-96.49815623886022,426.8,316989.56
Townhouse,Puebla,20.1615959697618,-88.65697367478722,82.9,25189.39
Casa,Veracruz,20.197249512541525,-100.92898040306837,109.7,138472.94
land,Puebla,30.235598569172343,-115.00120440674792,374.6,564493.64
condo,Yucatan,20.383164685142784,-88.85807568246184,161.5,256281.63
Departamento,Chihuahua,30.12443842857788,-114.89705110887336,232.6,248848.72
Condo,PUEBLA,19.18359406128466,-98.167959931199,175.9,97131.82
HOUSE,Jalisco,30.89911569323049,-115.3561423556258,277.6,474817.54
Apartment,Puebla ,20.30712109337159,-88.42893237619057,272.2,8347775.91
HOUSE,Quintana Roo,19.19504966898633,-88.0213702033706,4945.5,6200741.72
house,Michoacan,20.608831375189727,-101.12622271718146,297.4,159593.91
land,Guanajuato,20.724883514034964,-100.85441681213696,449.4,184205.05
Land,VERACRUZ,20.100793909915986,-103.3598727148868,366.8,365159.19
condo,Baja California ,19.573212434903347,-101.37439025484665,217.5,124251.84
HOUSE,Sonora,28.6818484036538,-110.5673195160594,311.9,443460.38
HOUSE,puebla,16.4043734487918,-96.47480293684396,143.2,110446.69
land,Veracruz,31.57001351420633,-115.97242778427292,355.1,369816.31
Villa,jalisco,20.228433733734388,-101.49458591572508,430.7,612142.5
House,Jalisco ,21.20518548410007,-88.95995283504844,192.9,344889.44
Terreno,chiapas,28.288273970927108,-106.3489555413104,-220.5,314558.61
Terreno,BAJA CALIFORNIA,19.7609246962116,-95.56196457736011,198.1,135361.84
Departamento,michoacan,15.971935890327796,-92.64178707683976,100.6,82325.85
Apartamento,Chihuahua,19.163602750504133,-98.74917922399038,346.4,427652.62
House,nuevo leon,21.29424871297437,-103.92557897347872,180.9,268928.65
house,Chiapas,26.27822617800745,-100.29302449083735,347.2,311592.57
Villa,CDMX,19.32973121469026,-87.98916363942499,46.7,80386.49
land,puebla,21.45153005297737,-101.00247654657235,365.6,640845.89
House,Baja California,28.593113181800646,-110.53413381114296,54.8,26694.43
villa,Chiapas,19.40760334582995,-96.87157259807891,252.5,213576.35
townhouse,Coahuila,18.806063266665717,-97.44188317663404,323.4,244524.77
Apartment,Mexico,26.272386538797807,-99.69333858664358,374.1,198546.39
condo,Mexico,21.179816414272228,-103.90928381708474,350.1,192501.01
villa,Mexico,18.402178035272414,-88.6815511701174,292.1,338234.86
land,Mexico,19.704376168280493,-98.6765463059634,291.3,143420.13
HOUSE,Mexico,18.975900448784394,-97.90542890349666,365.4,129193.79
apartment,Mexico,18.93073034081085,-87.88455182271785,376.7,671737.63
Condo,Mexico,17.649145240898292,-96.86048246601753,49.0,23459.96
HOUSE,Mexico,27.44369666449057,-101.197436163446,149.7,142291.93
condo,Mexico,21.191533406392164,-101.08404505385387,82.9,19833634.66
Departamento,Mexico,20.252343348147757,-100.7263453634939,160.2,213031.66
Villa,Mexico,26.781442343274858,-102.38900204248448,168.4,109986.33
Departamento,Mexico,19.101422077325935,-96.51988457722186,74.4,107545.48
House,Mexico,31.094029430311735,-115.34105484294352,337.4,105047.3
Departamento,Mexico,20.5891260199878,-102.66140677363329,48.4,28775.63
townhouse,Mexico,18.815789742364874,-95.35412126586559,179.9,224022.4
apartment,Mexico,16.518951145084138,-97.26485425248659,172.0,79969.46
House,Mexico,20.02121430582017,-103.20523220288209,234.2,283295.31
house,Mexico,18.998968135102725,-88.15103736587541,210.9,107693.7
Villa,Mexico,25.80904785062231,-100.57882029266844,425.9,188238.91
HOUSE,Mexico,19.941857964747363,-98.68640819169683,3898.5,2315365.75
apartment,Mexico,20.156941469363172,-102.19081237501076,94.7,142444.39
condo,Mexico,21.21180178598138,-89.03931137622996,50.6,80237.04
Departamento,Mexico,20.940225900267116,-101.4165492655635,291.1,106150.9
Land,Mexico,26.281639159411807,-101.53709160452144,129.9,141359.24
apartment,Mexico,19.267960666578144,-102.12777107656473,310.6,527976.45
Terreno,Mexico,19.016630704397816,-87.96509656252815,369.5,580407.92
Terreno,Mexico,19.932378495317327,-99.23181732708241,392.5,510057.28
apartment,Mexico,19.324631619999334,-89.01610082517504,441.6,381447.04
villa,Mexico,18.93326601569083,-101.3584607486833,153.1,129210.41
Apartment,Mexico,16.470979991777,-97.32018287168025,52.0,23437.53
Departamento,Mexico,21.34297608452332,-101.55963082608676,184.5,109023.37
condo,Mexico,18.289157231634164,-97.77282324842758,244.7,301786.51
Land,Mexico,27.574457541199955,-102.20927689869016,154.4,57362.14
Apartamento,Mexico,17.33791155814797,-96.94255346397115,89.0,113095.0
Land,Mexico,18.82805794536892,-96.65262011607516,138.1,93406.4
condo,Mexico,26.571996952346254,-100.92540817488769,428.0,507510.63
Apartamento,Mexico,19.859675131094228,-88.35486150276321,270.4,232516.0
House,Mexico,19.69549228314274,-101.77798233428265,162.1,76845.47
villa,Mexico,19.11827833947921,-102.03393415972963,260.0,188645.92
Land,Mexico,26.92776086876253,-100.9798695877666,138.8,160868.57
land,Mexico,19.956490543603167,-96.29592857866541,54.2,53136.59
Villa,Mexico,18.605879535851525,-95.6133917471764,313.1,111791.54
condo,Mexico,29.582675809644208,-111.05395612662916,200.3,229828.21
condo,Mexico,20.33325810611409,-102.56380547750419,418.5,325869.08
Casa,Mexico,25.19961511427065,-99.39540134943745,314.6,446803.63
Apartamento,Mexico,20.36869938354318,-103.64232543301992,120.6,14732580.9
apartment,Mexico,28.739160882136694,-105.5008351781068,242.3,10549956.29
condo,Mexico,999.99,-999.99,124.8,133890.32
condo,Mexico,19.137179682184488,-87.99709313407938,445.4,505749.27
condo,Mexico,27.509065635203154,-101.96869598958419,139.3,222890.04
condo,Mexico,19.996171903479205,-102.39361519820403,194.8,104724.24
condo,Mexico,20.703576235634202,-103.32083154911808,136.1,42022.59
House,Mexico,21.400382582821564,-88.85830385098927,55.3,29020.03
HOUSE,Mexico,31.355355225408196,-114.61077241508711,172.2,280547.0
Departamento,Mexico,29.49228729355698,-110.11360849469675,419.6,315867.0
condo,Mexico,30.60302890481173,-115.73849791774956,141.3,120627.19
condo,Mexico,17.36057695712672,-92.7421085125167,289.1,460097.59
townhouse,Mexico,25.913057307065312,-99.1979775737846,56.4,66417.93
Terreno,Mexico,21.361389139512845,-101.19939980715914,419.0,255123.77
house,Mexico,17.03994749760971,-96.7143920638756,42.9,63875.37
Townhouse,Mexico,21.45648223128794,-103.2093434013533,42.8,57661.75
Departamento,Mexico,999.99,-999.99,62.7,30967.63
Condo,Mexico,21.080041963459735,-104.13044864863596,343.0,384182.65
house,Mexico,19.32942194037506,-88.78341726487069,153.4,128739.29
townhouse,Mexico,19.26358027309313,-88.68222586765629,418.9,542690.65
condo,Mexico,25.405000161224926,-100.01940587657947,427.1,530347.05
villa,Mexico,27.544742080598898,-102.2533841307858,124.6,107945.82
land,Mexico,999.99,-999.99,238.7,79299.09
Departamento,Mexico,21.4048377134027,-103.80077473247323,244.1,427051.21
Apartamento,Mexico,28.96318145021697,-110.67857834717573,399.8,662939.7
Condo,Mexico,16.57596586126021,-92.72781328931376,323.8,190878.07
Terreno,Mexico,28.61821622070524,-110.60364804926887,448.1,412251.59
Villa,Mexico,999.99,-999.99,257.4,123595.23
Condo,Mexico,19.23980153809412,-102.23116876555008,74.9,87176.36
HOUSE,Mexico,19.81780277689635,-98.20059051803429,298.1,309413.54
Condo,Mexico,17.80253443263175,-96.02315432743818,390.9,356008.68
Apartamento,Mexico,19.82513504561641,-96.4262620977769,227.2,319739.18
Townhouse,Mexico,26.814351333188384,-102.26146958825747,157.7,89028.24
House,Mexico,25.9332897483716,-99.95617633206986,204.5,140456.92
Apartment,Mexico,20.713219035101886,-104.07990835732163,329.2,13617759.18
Land,Mexico,25.7354600950314,-100.09584805548549,37.2,41158.2
house,Mexico,20.84608357117241,-89.45915847546459,57.5,34879.88
Villa,Mexico,26.781442343274858,-102.38900204248448,168.4,109986.33
townhouse,Mexico,25.914652386158565,-99.54296447191564,46.2,32034.49
Terreno,Mexico,999.99,-999.99,437.3,717164.07
Townhouse,Mexico,29.406653207336973,-105.9060944593136,-251.3,394533.15
Townhouse,Mexico,20.222540159977648,-103.02161493476632,268.0,210662.38
land,Mexico,20.099259520201713,-101.75557326284545,120.8,157139.06
land,Mexico,29.325168474621428,-106.81213935166625,446.6,244939.7
Land,Mexico,16.144760827693215,-92.8085796656955,195.4,214027.49
Departamento,Mexico,19.051539199152227,-101.74701701898083,3203.6,2391823.0
Villa,Mexico,19.900922795844007,-101.2369039191372,169.4,100826.92
Apartment,Mexico,19.41982242739745,-99.56266346291157,319.6,254964.18
Apartment,Mexico,30.07962222440571,-110.78960982241145,419.1,289542.66
condo,Mexico,19.082072111290078,-98.82327885201586,42.3,44156.39
house,Mexico,18.946584021254672,-99.34993614842801,196.5,215419.86
HOUSE,Mexico,20.34592236550082,-102.79140214420923,347.5,122559.59
apartment,Mexico,21.19254741299291,-88.50170152433313,419.4,546350.5
townhouse,Mexico,19.095163632574614,-99.52096504816753,3485.6,1485750.32
Land,Mexico,20.40767576721351,-88.97521479050344,178.2,308921.63
Condo,Mexico,19.872307181433534,-96.64147605191519,97.6,170161.02
condo,Mexico,19.5997855673517,-102.17840261697485,41.8,30032.31
apartment,Mexico,19.66140792173273,-96.20296887704853,208.0,225855.0
villa,Mexico,27.547481724322395,-100.95681189667503,147.3,77497.6
Villa,Mexico,16.96216827571146,-93.15104698439987,-107.6,285568.19
Terreno,Mexico,19.4182688881291,-88.13691443193632,78.8,63600.11
Condo,Mexico,20.724440330599627,-102.96362652357388,160.0,259616.65
townhouse,Mexico,28.9630792806258,-105.85568725796482,49.5,65111.69
Departamento,Mexico,26.30374817466966,-100.10624343372118,399.0,621377.5
Townhouse,Mexico,28.22406192713059,-106.21698934040873,176.6,244967.68
villa,Mexico,20.213086246792237,-103.44833250551584,94.2,150537.72
apartment,Mexico,27.6463061825003,-101.9561127775309,360.1,632518.78
Departamento,Mexico,29.801290169877973,-110.09922342968885,309.8,313881.89
Terreno,Mexico,20.299444540300918,-102.17943409145612,335.2,478863.1
House,Mexico,25.443478804534525,-100.38535862611216,336.0,281634.93
Terreno,Mexico,28.073232801515,-106.70848619894981,411.6,635411.27
Apartment,Mexico,20.141142229611116,-99.21663798279975,159.7,170096.6
townhouse,Mexico,28.94235400705368,-110.71948764816104,408.4,503827.08
Land,Mexico,25.97541792065174,-99.28044079220528,266.1,352950.79
Apartamento,Mexico,20.310957989690046,-103.97777243010513,-327.4,205163.31
Apartment,Mexico,21.765320768686625,-101.8643211892602,91.0,142768.8
Land,Mexico,25.97541792065174,-99.28044079220528,266.1,352950.79
HOUSE,Mexico,17.749739448497138,-96.87905692662622,113.6,114799.05
condo,Mexico,26.789412588933818,-102.24996523516732,282.4,398870.91
villa,Mexico,20.77892662992971,-89.02966524504109,230.8,319697.97
HOUSE,Mexico,20.631771618566127,-103.80523787557,359.1,113112.01
apartment,Mexico,25.885681315383867,-99.71343655136558,356.2,530207.68
Land,Mexico,20.623033584579606,-100.66493698158233,418.9,653180.0
Land,Mexico,21.13428209361743,-88.55527350246585,393.6,545799.55
apartment,Mexico,18.66273400912229,-89.0268318122858,277.8,346268.45
villa,Mexico,20.891131353813282,-102.64424650584965,196.3,339960.76
House,Mexico,29.180923985598728,-106.02808048547602,-243.4,101038.14
Departamento,Mexico,999.99,-999.99,177.2,128070.81
Apartment,Mexico,17.250939228738652,-96.98245297616512,177.1,103070.0
House,Mexico,18.351240309308164,-98.58681679248421,91.5,127706.65
Departamento,Mexico,28.601046333415077,-110.55167002971619,447.2,297561.35
Terreno,Mexico,26.60020888796104,-101.35444991988366,93.3,56706.99
House,Mexico,999.99,-999.99,126.2,76978.84
Terreno,Mexico,26.068528496126696,-99.5056730187843,202.4,136338.75
Apartamento,Mexico,19.731829430682644,-99.48346394555132,73.7,56860.7
villa,Mexico,28.79404662612894,-109.91712421306441,187.3,74387.92
Villa,Mexico,18.697951162831576,-89.27220188690352,157.6,257990.17
condo,Mexico,17.01891770884224,-93.56465378352992,67.8,103709.32
House,Mexico,24.94909740944588,-99.46731955100901,268.8,223470.96
Apartment,Mexico,19.278761018682374,-98.64154099199887,39.2,30637.22
villa,Mexico,19.762519829062207,-87.85289815812726,254.0,378769.46
condo,Mexico,20.658975820804013,-101.24956452495965,126.4,77316.61
apartment,Mexico,19.238150562640268,-96.50607356364458,185.8,144682.97
Apartamento,Mexico,29.318753052901272,-106.40062364059735,68.8,57387.57
Apartment,Mexico,16.650357991918714,-93.24534304286225,119.0,180951.58
Casa,Mexico,20.897682497898,-104.11367320807368,374.9,520233.41
Terreno,Mexico,20.129666863150177,-88.32897758046703,407.1,717102.26
villa,Mexico,18.943869800918563,-98.62834290428893,312.6,126458.6
land,Mexico,19.281535709201705,-97.61493530946031,387.3,402614.77
Departamento,Mexico,20.26708461012498,-100.91848894515914,206.0,330512.28
Casa,Mexico,20.106300212386028,-103.19241256303417,420.2,450872.07
land,Mexico,20.738011391058507,-103.11118266285317,315.1,328361.59
townhouse,Mexico,26.30581818789667,-100.1541868580762,176.7,277640.3
Apartment,Mexico,19.400247270306878,-95.45865567396487,416.2,344451.78
Terreno,Mexico,20.73974796643546,-89.5773721663772,56.3,97322.33
Villa,Mexico,19.84065927198562,-87.69160307262187,353.5,130066.55
apartment,Mexico,20.892774659202175,-100.60514826459632,156.6,122287.94
Villa,Mexico,26.957285308426577,-100.92102259675109,98.2,129842.07
Land,Mexico,26.366283801090557,-101.58244610587988,409.1,619472.61
house,Mexico,19.794248918344266,-89.13982768416965,342.5,329333.96
villa,Mexico,19.967638127094368,-89.84058769254443,270.3,414340.36
Apartment,Mexico,30.761814997573836,-115.35865331729038,334.8,462187.7
Villa,Mexico,19.55933131513246,-101.06757434838615,293.7,445703.87
Condo,Mexico,24.937790440864262,-99.99306027574684,272.7,431439.45
Casa,Mexico,19.786978033205223,-101.89944577026286,40.7,18784.26
Apartment,Mexico,19.203528009725904,-99.50084770096163,260.0,428030.28
House,Mexico,20.373074185287066,-103.79620952260242,382.7,575772.66
Terreno,Mexico,16.518358931735445,-97.27933409539187,178.7,154207.41
Townhouse,Mexico,18.388093398044383,-97.89615222068416,275.8,365593.54
townhouse,Mexico,19.50660157276496,-88.1658843399922,314.4,192742.57
Condo,Mexico,27.230571752537863,-101.90267042768191,328.3,239730.94
land,Mexico,16.893959327872807,-93.60176364092065,106.4,122940.62
condo,Mexico,20.47544117324007,-88.66780068022886,131.6,46701.41
Terreno,Mexico,25.307187139623373,-100.2226432501662,145.0,44815.37
Terreno,Mexico,18.805730736810105,-102.42085170915966,51.9,16135.0
Condo,Mexico,18.440979600179283,-98.88637380394704,-300.8,294041.55
land,Mexico,17.761200829358298,-97.52122188231498,134.5,54691.05
Casa,Mexico,20.643716495597275,-103.82287291266802,240.0,84894.3
condo,Mexico,19.357227089481814,-102.1191037529591,216.8,83146.13
Terreno,Mexico,17.544645431777642,-97.02751853835812,424.7,415750.83
Terreno,Mexico,21.433970427938355,-101.66999188205922,436.6,235660.78
townhouse,Mexico,27.81844302497276,-101.18832914722937,293.3,124531.49
Condo,Mexico,28.578353230633642,-105.69148837736674,331.5,144383.84
House,Mexico,19.827027578109476,-99.00577185381675,344.1,217143.21
Townhouse,Mexico,19.06854020889575,-96.31996487192548,178.4,114659.17
villa,Mexico,18.600449256900955,-98.23116800894202,215.2,162763.0
Townhouse,Mexico,19.17794438951264,-95.8990251538852,440.6,791332.38
land,Mexico,21.093383517673296,-89.19766257009466,-65.5,403383.28
Condo,Mexico,21.250917198303107,-88.49481247147749,420.8,412581.17
Casa,Mexico,28.669520647832485,-106.34893265231298,247.5,243695.47
house,Mexico,999.99,-999.99,377.7,154320.11
Condo,Mexico,999.99,-999.99,266.9,190803.62
condo,Mexico,26.810965934415268,-101.60838375843132,411.3,647281.49
HOUSE,Mexico,17.79259941965081,-96.01591855189389,79.8,117243.65
Townhouse,Mexico,29.130648024444465,-109.95479556679558,137.3,152440.58
house,Mexico,29.526945867299965,-109.72842978783757,51.6,32777.8
Townhouse,Mexico,18.53572462673816,-88.22848032069759,179.4,109874.58
townhouse,Mexico,19.161556652018305,-98.30374546285002,42.0,50431.53
villa,Mexico,18.390392652881733,-97.44542640775605,5737.5,6180672.63
Casa,Mexico,17.318172461368036,-93.33562132545006,173.7,65151.69
condo,Mexico,19.818841625428078,-97.80261260148757,289.8,217337.55
Townhouse,Mexico,21.462614156171085,-100.80180195249757,294.1,323263.85
condo,Mexico,31.482667767726728,-115.15379841866981,365.5,426178.84
land,Mexico,19.66838073337417,-96.41026007177977,414.7,631737.58
Departamento,Mexico,31.54076284182708,-115.21135946240297,285.4,407322.64
condo,Mexico,19.32220097650476,-99.10264815137654,403.0,237557.14
townhouse,Mexico,19.17648679001858,-102.33995568464823,335.6,115116.0
Terreno,Mexico,31.21102779483331,-115.80004996271448,4994.7,6503873.0
condo,Mexico,20.460496411738294,-89.68337871228489,98.4,118114.61
Departamento,Mexico,19.578449336395593,-102.4462489869253,363.7,415448.1
townhouse,Mexico,19.098026763622084,-99.40362209876315,393.2,195993.1
land,Mexico,28.44320984302404,-106.34461347048632,228.4,322156.58
Apartment,Mexico,18.657416439028413,-98.81895595852576,381.4,591466.13
townhouse,Mexico,27.83628475527978,-105.58161564673485,345.8,362088.04
condo,Mexico,20.993784656724596,-88.86514449587287,101.9,74046.73
Villa,Mexico,27.231714979916415,-101.4632688327062,-71.3,306657.52
Land,Mexico,21.246686153580576,-88.8201637233021,3570.3,5337222.38
house,Mexico,19.514964439219654,-88.5464235390755,37.2,64299.16
Villa,Mexico,27.786317428630504,-101.76683902694002,135.6,158288.67
HOUSE,Mexico,20.34592236550082,-102.79140214420923,347.5,122559.59
Apartamento,Mexico,19.76467385434134,-101.99170445771672,213.9,361982.3
House,Mexico,25.459733346327475,-99.99270781549018,379.8,679832.49
HOUSE,Mexico,30.71664564656226,-115.1847003142028,306.7,512484.93
Departamento,Mexico,25.52753118719232,-99.41719744816552,93.3,101928.42
Townhouse,Mexico,18.999217200551456,-99.57177953245629,334.5,111016.19
Apartment,Mexico,20.604903623941166,-101.27289506061692,147.0,98821.89
Apartamento,Mexico,18.675196695644058,-98.68887335402168,253.6,143079.85
Condo,Mexico,20.709346018528674,-102.93429602903382,-395.0,350611.97
House,Mexico,17.19798928824633,-96.80531269989777,254.4,230249.96
townhouse,Mexico,19.34108821474133,-98.51382072048766,251.1,340100.13
Apartamento,Mexico,18.883498827131177,-99.7452525687216,180.9,211324.0
Condo,Mexico,30.313744235387503,-114.98793295573203,131.9,206257.73
house,Mexico,16.68757601476728,-96.8944385780916,298.6,184715.06
townhouse,Mexico,20.971413562857446,-102.59209033227867,79.1,132839.41
house,Mexico,16.789865249238698,-93.01814680785994,198.1,181254.95
Terreno,Mexico,20.46667247047881,-101.93602964514163,368.1,112277.33
Condo,Mexico,16.4101639161498,-93.47943748226074,262.7,338580.36
Apartamento,Mexico,18.2699097436916,-98.95548307885562,105.4,120890.84
Departamento,Mexico,16.15070485690773,-92.7031349713182,227.5,187397.62
Townhouse,Mexico,17.14124964554307,-96.12965518947675,4732.3,2581703.78
Villa,Mexico,18.82791240159626,-98.5785121497889,119.0,182527.75
Departamento,Mexico,20.801526297878596,-103.35744417776831,343.7,599838.06
Terreno,Mexico,19.05887245121196,-95.48370154847245,388.7,512977.68
Townhouse,Mexico,30.025812634294187,-109.57717999154157,239.5,144036.76
Terreno,Mexico,31.09026092575699,-115.8750564597587,6765.4,4700048.79
Townhouse,Mexico,31.002789888008927,-115.16651663409647,345.8,376809.97
house,Mexico,26.861970343167435,-101.71059213410409,105.3,155438.31
Departamento,Mexico,25.63721121193597,-99.95869218481103,308.7,223209.4
land,Mexico,17.52260693941651,-97.32951883113127,46.9,35806.07
Apartment,Mexico,25.79356237012465,-99.33060513042983,441.9,793553.8
Land,Mexico,18.78221449014496,-96.59241521423306,140.4,132906.96
Terreno,Mexico,27.37700738359683,-101.44893573163289,65.6,40643.34
Villa,Mexico,29.181781689264856,-110.99207958208152,225.9,95854.75
Townhouse,Mexico,29.205082862510025,-106.24850783544731,436.1,206651.43
townhouse,Mexico,20.562272862401148,-89.48491488625505,163.0,246472.47
Terreno,Mexico,16.117078398988497,-92.54726630142189,362.5,287674.64
Condo,Mexico,17.54724562049068,-92.88586429404054,446.3,145748.9
townhouse,Mexico,31.462078346476048,-115.12742571854176,448.7,340988.62
Departamento,Mexico,19.097863695397727,-98.79397318637794,312.9,423276.24
Townhouse,Mexico,28.523688577761636,-105.92663645176783,105.9,68413.12
Terreno,Mexico,19.935387506346526,-88.82937403686888,190.3,116883.83
condo,Mexico,20.086312750248847,-88.6722939189024,317.0,325653.84
Condo,Mexico,20.872424657510237,-103.17150804320201,226.0,395440.09
Land,Mexico,18.56250539494596,-88.32189277224641,108.0,143504.3
Apartamento,Mexico,31.27445748300341,-115.31139603896933,49.7,23338.58
Apartment,Mexico,19.98316740107895,-89.0400043967299,266.6,149157.9
House,Mexico,17.35296259915917,-97.18602418289586,192.6,128635.32
Condo,Mexico,27.876949285637796,-105.96229592564468,262.8,360837.35
apartment,Mexico,20.870001416599205,-102.56950127967971,345.3,226883.18
House,Mexico,19.02198157483506,-98.40338090472108,87.6,89048.0
condo,Mexico,19.93440122800891,-103.89128656202975,4053.1,1998167.09
House,Mexico,21.136075137909693,-103.23153980442571,307.6,278266.5
HOUSE,Mexico,19.576964952733835,-95.73308176625835,287.3,144433.68
land,Mexico,18.706861471855152,-98.8745602970637,212.7,177479.46
Condo,Mexico,18.61064782592451,-98.51235465370203,258.5,264367.87
land,Mexico,19.35339825377635,-97.53078097400882,393.5,559097.38
Casa,Mexico,30.46471749130071,-116.06020850710877,55.1,24046.69
Terreno,Mexico,19.688516819575593,-95.69073140837715,393.3,376786.57
Departamento,Mexico,21.116006868980786,-88.84632265287183,404.5,153939.26
townhouse,Mexico,19.511313196960156,-87.84982240449888,189.3,122323.5
apartment,Mexico,29.668776270690152,-110.073537088843,433.4,479186.56
land,Mexico,30.22330429630974,-115.99507750939307,-59.0,473099.72
Casa,Mexico,30.3246260507883,-115.90752979967284,304.2,138202.26
house,Mexico,26.336149785975895,-101.67539294509183,288.6,162806.47
House,Mexico,20.477293078844937,-100.6329220790079,219.2,259520.72
Casa,Mexico,20.32696970307834,-101.4589503927125,35.2,50438.42
Apartment,Mexico,29.63992921311727,-109.5530073533525,409.2,452809.11
Apartamento,Mexico,19.3231514686667,-88.01091758043768,376.3,232886.91
House,Mexico,29.115877698487033,-106.02686698624176,184.7,240911.94
Land,Mexico,20.23957756957127,-103.38535431376222,78.2,107150.82
Villa,Mexico,18.424101871167107,-88.83708513422906,270.6,421442.93
Terreno,Mexico,18.988453716095417,-101.17445641048373,179.5,183257.48
HOUSE,Mexico,19.96420507558355,-95.69373188569745,40.0,24119.51
apartment,Mexico,18.70617365012883,-98.14226027967145,42.1,38018.69
Condo,Mexico,17.512687885348974,-93.89518329672869,211.3,375218.85
Casa,Mexico,27.876942601175468,-106.07527488194707,373.5,294060.38
HOUSE,Mexico,16.657835382601803,-92.76385270173061,43.0,25360.48
Terreno,Mexico,20.17971411722869,-88.41561246157431,190.4,329886.68
apartment,Mexico,30.88889602714333,-115.43838408566788,78.6,63981.92
house,Mexico,19.512991757391337,-98.94828960612618,203.1,213000.66
HOUSE,Mexico,29.458493321768938,-110.83821830189405,322.3,151866.83
House,Mexico,21.241266859636823,-103.3261825575921,331.7,240990.06
Departamento,Mexico,25.899624130874827,-99.42027313941146,77.4,123260.96
townhouse,Mexico,26.370541919879365,-100.25729261712159,-295.7,99046.82
Departamento,Mexico,19.738019238385675,-95.83400901956438,235.6,269128.23
Casa,Mexico,26.88124717948841,-101.44783428162087,165.8,218101.11
townhouse,Mexico,26.56112094432826,-102.04739935482286,433.7,555394.26
house,Mexico,28.507009137194736,-106.3910614513797,-182.5,262671.95
Land,Mexico,20.4063660898711,-101.78048306029781,-79.5,308062.9
Apartamento,Mexico,28.392664667546928,-106.59708478032562,429.1,740848.37
Apartamento,Mexico,20.095478026936924,-89.36223359147532,317.3,250355.24
villa,Mexico,18.800890654677865,-87.71628339851507,230.9,275015.95
land,Mexico,29.290988289844464,-106.66456837965609,325.6,103964.12
townhouse,Mexico,21.30519063292836,-103.40977645331735,91.4,121598.34
villa,Mexico,25.696618812389175,-100.16871327913576,254.9,174264.01
villa,Mexico,27.11805999598528,-102.19528150782494,364.5,166555.37
House,Mexico,16.96909611341137,-93.22570101913345,222.7,290676.99
Land,Mexico,19.570867227116807,-88.64813312095453,432.4,728890.0
villa,Mexico,18.816262851947634,-98.43884229031708,247.3,208684.54
townhouse,Mexico,16.75477475707111,-92.66732799330504,306.3,135863.14
HOUSE,Mexico,31.245078176638984,-114.6976882011463,282.1,373760.44
apartment,Mexico,18.66273400912229,-89.0268318122858,277.8,346268.45
Terreno,Mexico,19.844946976205858,-102.0729996777738,44.0,28844.9
Condo,Mexico,20.365868223291507,-89.61228159340111,250.7,397245.0
Apartamento,Mexico,30.201418640381235,-114.76219246300995,188.9,283692.04
land,Mexico,25.991014218214282,-99.79715717848865,247.2,425565.2
townhouse,Mexico,20.236103164354997,-104.14634300739819,274.5,384637.09
Condo,Mexico,20.8991870419723,-101.5716550981981,304.6,477991.51
Departamento,Mexico,24.92668613603309,-100.27209322994905,7145.1,10274446.57
House,Mexico,21.329934367088175,-89.59519792475707,205.5,186739.13
Condo,Mexico,19.885230432960682,-101.67262482626084,285.3,189076.38
land,Mexico,18.944131016465455,-96.76048726388433,446.5,752831.23
HOUSE,Mexico,20.954026290053385,-88.85047255106979,109.5,125982.48
Apartment,Mexico,25.89734865263511,-99.198895641789,78.4,111926.62
Terreno,Mexico,19.231911763302477,-100.95781744343975,101.2,133333.56
land,Mexico,19.939079874176322,-95.34947300873567,369.4,257050.61
condo,Mexico,19.0165286269352,-88.75079983657422,166.2,225376.99
Terreno,Mexico,18.69050334506811,-97.7082210913628,180.7,276467.83
HOUSE,Mexico,20.712284629499333,-103.04674320154729,271.2,410737.27
Villa,Mexico,18.424101871167107,-88.83708513422906,270.6,421442.93
Apartment,Mexico,16.617667180953436,-93.71200675107366,251.7,141968.83
land,Mexico,20.089382577842976,-101.64020912184962,358.9,110448.82
Departamento,Mexico,25.684066036608737,-99.81085899662246,221.6,267971.0
Condo,Mexico,26.861312618548297,-102.44842757166381,272.3,322828.42
HOUSE,Mexico,16.87541710663021,-96.61596928164207,197.3,272493.87
Terreno,Mexico,25.865410973370714,-100.75495878121234,109.1,98138.16
villa,Mexico,18.641700597824393,-96.84757762759276,399.2,168774.42
condo,Mexico,18.993344029537273,-96.16636434617065,376.7,575280.32
townhouse,Mexico,17.170879213476404,-95.96638269237071,240.8,426091.73
Villa,Mexico,27.78850110259834,-102.08449199398096,-233.6,359402.1
HOUSE,Mexico,18.808442715791227,-96.38421889630307,4951.7,3912770.24
HOUSE,Mexico,20.26173142470754,-103.16721036518234,182.0,320610.53
Terreno,Mexico,21.093395742194755,-101.32706124657258,197.9,280652.72
house,Mexico,20.05592458821317,-102.93105108380729,294.1,409898.0
Casa,Mexico,19.774211475416116,-101.51122757973279,367.9,379660.62
Townhouse,Mexico,20.741311831697548,-102.8067336543116,225.6,155023.72
House,Mexico,20.64489540276861,-89.03860900219168,147.3,48144.53
Townhouse,Mexico,28.63711891494231,-110.42902566997357,214.4,170121.16
Townhouse,Mexico,16.56221073295822,-92.77153632477953,136.2,202639.12
house,Mexico,19.77772389595798,-97.50450653130379,43.6,61916.83
Departamento,Mexico,19.712818081165672,-95.59826657231943,146.1,167678.74
Condo,Mexico,18.773533820923376,-99.54648262926675,95.8,73359.69
Apartment,Mexico,27.696992896871258,-102.12164083126162,315.6,448803.19
HOUSE,Mexico,28.25260293983326,-105.5252434621228,422.9,509774.04
Villa,Mexico,16.50840010426261,-93.22345276890101,275.9,328426.55
villa,Mexico,17.23415076212679,-97.34757295621284,302.2,332164.16
Villa,Mexico,29.97933005906029,-111.12524742719037,186.6,131436.62
Condo,Mexico,17.103436263551252,-92.41204185133293,152.6,50076.17
Townhouse,Mexico,19.18170774357254,-95.84464801879557,65.4,83689.95
Villa,Mexico,19.457837314013922,-88.57558679749073,-404.0,378693.67
Terreno,Mexico,28.84239184815982,-105.43702315172406,405.2,666795.81
villa,Mexico,27.545260282561838,-101.40053292781953,360.4,528410.15
Condo,Mexico,20.590785732927298,-102.72747756537923,-377.6,295384.05
HOUSE,Mexico,29.43203389150732,-106.36154755143637,202.9,177826.81
Townhouse,Mexico,17.48376413834014,-93.81847140248023,360.1,290189.74
Casa,Mexico,19.638983318055992,-88.45636885843628,140.7,191633.94
condo,Mexico,19.62232338318852,-102.33505818442187,239.1,267611.59
condo,Mexico,19.961047669659422,-102.33121059780804,-348.9,414387.4
Terreno,Mexico,18.73152921374185,-89.22252780068487,298.9,322118.5
Apartamento,Mexico,28.50742103411092,-110.1395072995518,158.3,217966.81
house,Mexico,20.66921271131731,-101.99752617212678,176.1,247434.98
townhouse,Mexico,29.22723619144661,-106.35884134519405,187.5,77600.32
Villa,Mexico,19.38818588962238,-95.7622488068164,326.1,303896.47
Apartamento,Mexico,28.621001200730348,-109.55225865267963,261.3,142820.29
Townhouse,Mexico,29.237206987763134,-105.86847742085261,335.1,423289.23
Land,Mexico,21.33289427958831,-101.22650304499933,184.1,279126.34
Townhouse,Mexico,19.91067498731122,-102.50258612268317,130.4,175450.05
Terreno,Mexico,27.4045338957405,-101.28373327920089,244.5,405673.51
Villa,Mexico,28.3995764210422,-106.72898277142826,334.8,121554.0
Apartment,Mexico,29.642180262532733,-109.89131060414518,4208.8,2902852.14
land,Mexico,25.825981141721222,-100.52228143340119,406.9,719159.93
Townhouse,Mexico,31.447791369926527,-114.49314757484038,322.2,440241.76
Apartamento,Mexico,21.090204530245977,-101.91910305821425,309.4,516091.25
house,Mexico,16.227437178923132,-93.29780299740055,308.5,372260.8
Casa,Mexico,16.483116225238277,-93.2424042451678,297.3,467425.5
Apartamento,Mexico,19.175227824942798,-98.62264401615948,312.4,383118.29
Villa,Mexico,18.429060276500046,-89.2179160295873,4464.3,3135455.52
Departamento,Mexico,18.604357295118568,-98.81896693357224,66.4,31223.61
Apartamento,Mexico,21.281230275450067,-89.37927247698936,-83.4,229220.57
Apartamento,Mexico,18.80917596697593,-99.48922876516875,136.6,169877.86
Land,Mexico,31.25805734726612,-115.34858152024972,172.6,132072.65
house,Mexico,28.499263781787427,-110.887596335375,142.7,169559.09
land,Mexico,16.062190791654704,-92.7508109587552,180.6,215753.44
townhouse,Mexico,17.170879213476404,-95.96638269237071,240.8,426091.73
villa,Mexico,19.453443827309957,-97.51507567745098,327.1,237691.39
HOUSE,Mexico,18.274296314502976,-97.45073943586019,192.3,72707.03
Villa,Mexico,18.804640715649935,-99.1083962160801,177.9,294912.24
Terreno,Mexico,16.470890892322068,-93.74259263731116,61.4,59473.0
house,Mexico,27.579260949766347,-101.69211994655046,276.9,386288.26
Casa,Mexico,20.78213367013796,-89.73513496646662,193.6,119534.66
villa,Mexico,17.346245791489714,-92.4045526096356,360.4,351404.93
HOUSE,Mexico,25.276688752520222,-100.26780839755149,371.9,598124.33
Apartamento,Mexico,30.65127050458522,-115.87450577458075,170.5,84609.4
House,Mexico,27.56121111662748,-101.56827207072494,166.1,229136.6
apartment,Mexico,25.394405852681963,-99.9201794164611,249.6,341495.16
Casa,Mexico,19.73771674069475,-98.4856230012935,425.0,735153.03
Villa,Mexico,18.94905397370564,-101.62292465987346,353.1,583666.0
apartment,Mexico,19.3781859235648,-98.70595803044661,301.6,279126.66
Townhouse,Mexico,18.832802396694422,-87.98486505266862,433.2,459845.75
Townhouse,Mexico,29.130648024444465,-109.95479556679558,137.3,152440.58
Villa,Mexico,19.869169027855946,-101.72350636326615,398.7,177551.23
villa,Mexico,27.411471069766296,-102.1998828877787,71.9,71073.09
townhouse,Mexico,17.133319953978614,-97.06570843708485,37.2,17717.17
Departamento,Mexico,20.26708461012498,-100.91848894515914,206.0,330512.28
Condo,Mexico,19.162137231570316,-99.85218247261783,271.0,168842.9
Departamento,Mexico,31.327873068199565,-115.96105756338584,224.4,172205.14
Condo,Mexico,21.27444203931801,-103.82335068003776,295.9,325162.31
House,Mexico,17.34294141123605,-93.55922143611615,178.4,83580.08
HOUSE,Mexico,26.78543586809466,-101.84420641505831,447.9,668830.7
condo,Mexico,21.318445198970267,-101.41434151350191,229.5,281875.43
Townhouse,Mexico,28.883871964884317,-105.7634868566659,221.0,86300.23
Terreno,Mexico,19.605822237274133,-98.94210764867209,438.3,216898.8
Terreno,Mexico,19.22913629563562,-95.53975625120724,153.9,61895.8
Villa,Mexico,30.736675871279594,-115.11119823484468,340.4,374198.1
House,Mexico,18.876207679055963,-98.07480943931587,191.6,95229.01
House,Mexico,28.10332381564045,-106.22514515437506,146.9,251971.78
Townhouse,Mexico,27.661862929631187,-101.20766757830324,199.4,74133.89
Condo,Mexico,27.318056223582502,-102.46458329792424,85.0,96597.27
Apartamento,Mexico,29.25953190503138,-110.23471507383238,66.0,63769.94
Terreno,Mexico,17.045613769491528,-97.33803636871849,309.1,489085.59
villa,Mexico,28.72070480798867,-110.6834725261133,341.9,585481.94
HOUSE,Mexico,20.424040759492563,-89.57491007629426,314.1,144679.23
Condo,Mexico,21.486549578536096,-101.33621687258683,249.0,180159.02
Villa,Mexico,19.46791875181097,-101.16687038394517,130.8,190804.94
HOUSE,Mexico,20.810112747427365,-103.82257845318374,94.9,126974.65
HOUSE,Mexico,20.820353714080742,-101.16265964612595,170.7,81088.06
Terreno,Mexico,25.57170375791733,-99.8429403018481,290.1,297596.89
townhouse,Mexico,26.243755363570898,-99.40217030368146,61.7,64626.21
condo,Mexico,29.294797200919113,-110.59202959017026,221.4,10909884.15
House,Mexico,17.536916913942683,-96.89900776536545,52.5,68161.99
House,Mexico,999.99,-999.99,138.8,182036.35
apartment,Mexico,18.376364280320278,-96.91044961852074,290.6,6038429.95
Departamento,Mexico,17.68112252295372,-97.24991488989701,89.4,110108.69
condo,Mexico,19.758046947862695,-101.62295183403751,153.2,208999.32
apartment,Mexico,25.394405852681963,-99.9201794164611,249.6,341495.16
land,Mexico,20.385504022831263,-104.11318141010733,177.0,163583.63
villa,Mexico,30.53765026275812,-114.68503175754688,125.7,164848.65
Villa,Mexico,28.66820830853541,-106.5314671039509,299.2,236425.76
Terreno,Mexico,19.05156815284741,-88.71085828659325,369.8,111688.28
Townhouse,Mexico,18.52748371293858,-98.60880989039845,139.2,184643.64
Casa,Mexico,21.492427849493218,-89.05823987755043,43.7,45640.15
house,Mexico,29.184830249981744,-110.22790597972936,330.9,492315.42
Terreno,Mexico,17.134007754105617,-93.28171221849553,176.7,214541.55
Casa,Mexico,20.025236944018015,-103.40707016717376,163.1,255576.7
Condo,Mexico,19.587508058761497,-96.55577165545017,74.7,24237.04
Departamento,Mexico,999.99,-999.99,273.2,365493.2
apartment,Mexico,17.663470098970777,-97.01596675513419,291.8,8297475.73
house,Mexico,28.071412072127757,-106.14441516313188,160.6,92015.11
townhouse,Mexico,20.910685305014958,-103.01918025367642,318.3,228977.14
condo,Mexico,16.349610166530486,-96.70846217272334,156.2,60333.8
townhouse,Mexico,31.3244753254904,-115.19823404644919,382.6,662236.28
condo,Mexico,999.99,-999.99,308.0,136856.03
condo,Mexico,25.807371512576463,-100.21397115522905,142.1,142199.03
House,Mexico,19.28820036579274,-102.34285025683664,292.9,282179.09
land,Mexico,16.344119521843844,-97.41138736319432,64.1,22995.0
House,Mexico,19.97891981101011,-101.12443539401639,150.9,240219.79
Departamento,Mexico,21.094065877102828,-88.31274717967709,391.9,361411.21
land,Mexico,29.139452959068922,-106.14971148739588,260.6,173471.72
Apartamento,Mexico,29.88292266441581,-110.77710497368105,77.0,127353.12
Terreno,Mexico,30.613574290884916,-115.66754980480394,158.5,149342.99
Apartment,Mexico,28.915528769057694,-110.74523810399143,151.8,196172.9
villa,Mexico,25.599997132175346,-99.89483736463953,4372.2,5233484.78
Terreno,Mexico,27.08700402293288,-101.24513618375727,208.4,195517.81
house,Mexico,20.237801862428483,-88.7388241025338,409.2,695151.99
Villa,Mexico,18.82041235343569,-97.57391995062684,350.3,205681.74
Townhouse,Mexico,19.35025056983428,-95.84876400588374,292.5,251694.68
Apartamento,Mexico,28.013730850829862,-106.05178709654294,158.7,278938.57
Casa,Mexico,17.581385728050805,-96.39834522032767,186.0,206611.3
House,Mexico,18.778353625273063,-87.93371378597907,311.9,143652.37
Condo,Mexico,18.7373972706046,-98.87896793187328,304.1,155121.3
Condo,Mexico,20.888911528452258,-103.94737224680034,218.4,389750.32
house,Mexico,26.989588412150958,-102.40144345955626,327.9,441139.59
Departamento,Mexico,18.90374507122258,-98.23564764547612,320.2,306221.0
Townhouse,Mexico,18.832802396694422,-87.98486505266862,433.2,459845.75
Villa,Mexico,24.905490294556007,-100.40222251186664,315.3,257791.64
townhouse,Mexico,20.932194853801455,-103.72768210334559,306.6,314612.44
Terreno,Mexico,19.560761284216,-98.90611042986592,-427.1,278983.0
Apartamento,Mexico,20.611275734075313,-100.79799027894913,168.8,79077.65
apartment,Mexico,19.97897489179719,-102.67534969704143,428.6,735648.2
apartment,Mexico,30.39261307948322,-115.2872883469388,254.8,446805.53
Condo,Mexico,19.102530688374173,-101.97483080075908,447.0,186479.08
house,Mexico,20.82425256952071,-103.48865756515134,284.6,306108.88
land,Mexico,18.26110577130387,-98.99647459547688,338.5,524647.63
land,Mexico,29.132144360927683,-109.80204131035269,145.8,169344.62
Terreno,Mexico,18.750460366139006,-99.2162532139745,188.1,149311.63
Townhouse,Mexico,25.29318511437083,-99.7558938271611,308.2,362845.56
Casa,Mexico,30.058663317310284,-115.62676925294777,155.4,7459318.18
apartment,Mexico,21.407799033976257,-89.42962215320773,211.9,163065.31
apartment,Mexico,20.125693715912846,-98.34291136749134,106.1,91101.23
house,Mexico,28.15155670565406,-106.70340350345815,178.0,119678.93
Condo,Mexico,19.883031967289103,-102.32521638707166,346.9,443336.06
Departamento,Mexico,19.000589760834238,-98.74677887627215,4156.2,3257338.37
Villa,Mexico,20.03092426190046,-103.5427628931411,375.8,644275.1
Terreno,Mexico,19.764562070281336,-99.42099413948151,329.0,109617.56
villa,Mexico,19.272495497728784,-98.6579007455544,382.7,520987.98
house,Mexico,30.367986187201957,-115.19973178586814,311.7,446158.8
Townhouse,Mexico,26.808094385487664,-101.42935114027821,150.5,159635.78
Apartment,Mexico,18.771849371678236,-96.17906977412513,433.0,255070.37
condo,Mexico,17.50170746927672,-95.9421090442558,447.8,289127.4
townhouse,Mexico,19.646738447442115,-101.34426873290064,200.1,84773.32
Casa,Mexico,28.6020934561242,-105.3160261298157,219.9,384813.8
condo,Mexico,29.809329971512646,-109.63652749410788,137.2,195077.9
townhouse,Mexico,19.017949718479734,-96.79638570253769,-71.3,244031.04
HOUSE,Mexico,27.81964554464159,-101.98202016441677,196.9,148692.58
condo,Mexico,19.62232338318852,-102.33505818442187,239.1,267611.59
condo,Mexico,19.17785272566725,-97.99839861164253,388.8,634100.21
house,Mexico,25.35786413008344,-100.56425311370224,305.1,204682.44
Apartamento,Mexico,18.875043194383732,-96.6902796375128,402.7,174512.33
HOUSE,Mexico,19.605826607779502,-98.59748258584555,183.9,158687.22
House,Mexico,24.841765981145397,-99.93170869556052,-409.1,311956.49
